{
  "GET List Contact Request - 20" : {
    "transaction" : "GET List Contact Request - 20",
    "sampleCount" : 2,
    "errorCount" : 0,
    "errorPct" : 0.0,
    "meanResTime" : 539.0,
    "medianResTime" : 539.0,
    "minResTime" : 534.0,
    "maxResTime" : 544.0,
    "pct1ResTime" : 544.0,
    "pct2ResTime" : 544.0,
    "pct3ResTime" : 544.0,
    "throughput" : 0.2895613146083683,
    "receivedKBytesPerSec" : 7.219945571521644,
    "sentKBytesPerSec" : 0.14817395395975097
  },
  "POST Add Contact Request - 17" : {
    "transaction" : "POST Add Contact Request - 17",
    "sampleCount" : 2,
    "errorCount" : 0,
    "errorPct" : 0.0,
    "meanResTime" : 271.5,
    "medianResTime" : 271.5,
    "minResTime" : 271.0,
    "maxResTime" : 272.0,
    "pct1ResTime" : 272.0,
    "pct2ResTime" : 272.0,
    "pct3ResTime" : 272.0,
    "throughput" : 0.1816035594297648,
    "receivedKBytesPerSec" : 0.19206704576409697,
    "sentKBytesPerSec" : 0.15535616998093163
  },
  "POST Add Contact Request - 16" : {
    "transaction" : "POST Add Contact Request - 16",
    "sampleCount" : 2,
    "errorCount" : 0,
    "errorPct" : 0.0,
    "meanResTime" : 276.5,
    "medianResTime" : 276.5,
    "minResTime" : 271.0,
    "maxResTime" : 282.0,
    "pct1ResTime" : 282.0,
    "pct2ResTime" : 282.0,
    "pct3ResTime" : 282.0,
    "throughput" : 0.30303030303030304,
    "receivedKBytesPerSec" : 0.32137784090909094,
    "sentKBytesPerSec" : 0.25952888257575757
  },
  "POST Add Contact Request - 19" : {
    "transaction" : "POST Add Contact Request - 19",
    "sampleCount" : 2,
    "errorCount" : 0,
    "errorPct" : 0.0,
    "meanResTime" : 270.0,
    "medianResTime" : 270.0,
    "minResTime" : 269.0,
    "maxResTime" : 271.0,
    "pct1ResTime" : 271.0,
    "pct2ResTime" : 271.0,
    "pct3ResTime" : 271.0,
    "throughput" : 0.1150483202945237,
    "receivedKBytesPerSec" : 0.12111532156005522,
    "sentKBytesPerSec" : 0.09808318712609296
  },
  "POST Add Contact Request - 18" : {
    "transaction" : "POST Add Contact Request - 18",
    "sampleCount" : 2,
    "errorCount" : 0,
    "errorPct" : 0.0,
    "meanResTime" : 278.5,
    "medianResTime" : 278.5,
    "minResTime" : 267.0,
    "maxResTime" : 290.0,
    "pct1ResTime" : 290.0,
    "pct2ResTime" : 290.0,
    "pct3ResTime" : 290.0,
    "throughput" : 0.3034440904263389,
    "receivedKBytesPerSec" : 0.3215203497193142,
    "sentKBytesPerSec" : 0.25958693673190714
  },
  "POST Add Contact Request - 13" : {
    "transaction" : "POST Add Contact Request - 13",
    "sampleCount" : 3,
    "errorCount" : 0,
    "errorPct" : 0.0,
    "meanResTime" : 291.6666666666667,
    "medianResTime" : 292.0,
    "minResTime" : 270.0,
    "maxResTime" : 313.0,
    "pct1ResTime" : 313.0,
    "pct2ResTime" : 313.0,
    "pct3ResTime" : 313.0,
    "throughput" : 0.1725625539257981,
    "receivedKBytesPerSec" : 0.18239277753810754,
    "sentKBytesPerSec" : 0.14750952689099797
  },
  "POST Add Contact Request - 12" : {
    "transaction" : "POST Add Contact Request - 12",
    "sampleCount" : 3,
    "errorCount" : 0,
    "errorPct" : 0.0,
    "meanResTime" : 312.0,
    "medianResTime" : 300.0,
    "minResTime" : 299.0,
    "maxResTime" : 337.0,
    "pct1ResTime" : 337.0,
    "pct2ResTime" : 337.0,
    "pct3ResTime" : 337.0,
    "throughput" : 0.1722850743697238,
    "receivedKBytesPerSec" : 0.18254815008901396,
    "sentKBytesPerSec" : 0.147720991500603
  },
  "POST Add Contact Request - 15" : {
    "transaction" : "POST Add Contact Request - 15",
    "sampleCount" : 1,
    "errorCount" : 0,
    "errorPct" : 0.0,
    "meanResTime" : 270.0,
    "medianResTime" : 270.0,
    "minResTime" : 270.0,
    "maxResTime" : 270.0,
    "pct1ResTime" : 270.0,
    "pct2ResTime" : 270.0,
    "pct3ResTime" : 270.0,
    "throughput" : 3.7037037037037037,
    "receivedKBytesPerSec" : 3.888165509259259,
    "sentKBytesPerSec" : 3.153935185185185
  },
  "GET List Contact Request - 19" : {
    "transaction" : "GET List Contact Request - 19",
    "sampleCount" : 2,
    "errorCount" : 0,
    "errorPct" : 0.0,
    "meanResTime" : 529.0,
    "medianResTime" : 529.0,
    "minResTime" : 525.0,
    "maxResTime" : 533.0,
    "pct1ResTime" : 533.0,
    "pct2ResTime" : 533.0,
    "pct3ResTime" : 533.0,
    "throughput" : 0.11338511253472419,
    "receivedKBytesPerSec" : 2.7363570249163787,
    "sentKBytesPerSec" : 0.0580212880548784
  },
  "POST Add Contact Request - 14" : {
    "transaction" : "POST Add Contact Request - 14",
    "sampleCount" : 2,
    "errorCount" : 0,
    "errorPct" : 0.0,
    "meanResTime" : 289.0,
    "medianResTime" : 289.0,
    "minResTime" : 285.0,
    "maxResTime" : 293.0,
    "pct1ResTime" : 293.0,
    "pct2ResTime" : 293.0,
    "pct3ResTime" : 293.0,
    "throughput" : 0.30170463116608837,
    "receivedKBytesPerSec" : 0.3202665371850958,
    "sentKBytesPerSec" : 0.25868815055061095
  },
  "GET List Contact Request - 18" : {
    "transaction" : "GET List Contact Request - 18",
    "sampleCount" : 2,
    "errorCount" : 0,
    "errorPct" : 0.0,
    "meanResTime" : 561.5,
    "medianResTime" : 561.5,
    "minResTime" : 557.0,
    "maxResTime" : 566.0,
    "pct1ResTime" : 566.0,
    "pct2ResTime" : 566.0,
    "pct3ResTime" : 566.0,
    "throughput" : 0.291247997670016,
    "receivedKBytesPerSec" : 7.257592926314256,
    "sentKBytesPerSec" : 0.1490370613077035
  },
  "GET List Contact Request - 17" : {
    "transaction" : "GET List Contact Request - 17",
    "sampleCount" : 2,
    "errorCount" : 0,
    "errorPct" : 0.0,
    "meanResTime" : 538.5,
    "medianResTime" : 538.5,
    "minResTime" : 533.0,
    "maxResTime" : 544.0,
    "pct1ResTime" : 544.0,
    "pct2ResTime" : 544.0,
    "pct3ResTime" : 544.0,
    "throughput" : 0.17739932588256163,
    "receivedKBytesPerSec" : 4.073601317189995,
    "sentKBytesPerSec" : 0.0907785612914671
  },
  "GET List Contact Request - 16" : {
    "transaction" : "GET List Contact Request - 16",
    "sampleCount" : 2,
    "errorCount" : 0,
    "errorPct" : 0.0,
    "meanResTime" : 528.5,
    "medianResTime" : 528.5,
    "minResTime" : 524.0,
    "maxResTime" : 533.0,
    "pct1ResTime" : 533.0,
    "pct2ResTime" : 533.0,
    "pct3ResTime" : 533.0,
    "throughput" : 0.29141774734081305,
    "receivedKBytesPerSec" : 7.2618229090776625,
    "sentKBytesPerSec" : 0.14912392539705668
  },
  "POST Add Contact Request - 10" : {
    "transaction" : "POST Add Contact Request - 10",
    "sampleCount" : 3,
    "errorCount" : 0,
    "errorPct" : 0.0,
    "meanResTime" : 303.3333333333333,
    "medianResTime" : 303.0,
    "minResTime" : 276.0,
    "maxResTime" : 331.0,
    "pct1ResTime" : 331.0,
    "pct2ResTime" : 331.0,
    "pct3ResTime" : 331.0,
    "throughput" : 0.17225539733578318,
    "receivedKBytesPerSec" : 0.18161954165709693,
    "sentKBytesPerSec" : 0.1467983822347267
  },
  "GET List Contact Request - 15" : {
    "transaction" : "GET List Contact Request - 15",
    "sampleCount" : 1,
    "errorCount" : 0,
    "errorPct" : 0.0,
    "meanResTime" : 543.0,
    "medianResTime" : 543.0,
    "minResTime" : 543.0,
    "maxResTime" : 543.0,
    "pct1ResTime" : 543.0,
    "pct2ResTime" : 543.0,
    "pct3ResTime" : 543.0,
    "throughput" : 1.8416206261510129,
    "receivedKBytesPerSec" : 40.8052054558011,
    "sentKBytesPerSec" : 0.9423918047882136
  },
  "PATCH Update Contact Request - 4" : {
    "transaction" : "PATCH Update Contact Request - 4",
    "sampleCount" : 2,
    "errorCount" : 0,
    "errorPct" : 0.0,
    "meanResTime" : 272.5,
    "medianResTime" : 272.5,
    "minResTime" : 271.0,
    "maxResTime" : 274.0,
    "pct1ResTime" : 274.0,
    "pct2ResTime" : 274.0,
    "pct3ResTime" : 274.0,
    "throughput" : 0.11317978609020429,
    "receivedKBytesPerSec" : 0.12058510412540321,
    "sentKBytesPerSec" : 0.07217421905947598
  },
  "DEL Delete Contact Request - 1" : {
    "transaction" : "DEL Delete Contact Request - 1",
    "sampleCount" : 3,
    "errorCount" : 0,
    "errorPct" : 0.0,
    "meanResTime" : 276.6666666666667,
    "medianResTime" : 275.0,
    "minResTime" : 272.0,
    "maxResTime" : 283.0,
    "pct1ResTime" : 283.0,
    "pct2ResTime" : 283.0,
    "pct3ResTime" : 283.0,
    "throughput" : 0.17009695526450075,
    "receivedKBytesPerSec" : 0.12602235357487102,
    "sentKBytesPerSec" : 0.10199172903555026
  },
  "GET List Contact Request - 14" : {
    "transaction" : "GET List Contact Request - 14",
    "sampleCount" : 2,
    "errorCount" : 0,
    "errorPct" : 0.0,
    "meanResTime" : 537.5,
    "medianResTime" : 537.5,
    "minResTime" : 535.0,
    "maxResTime" : 540.0,
    "pct1ResTime" : 540.0,
    "pct2ResTime" : 540.0,
    "pct3ResTime" : 540.0,
    "throughput" : 0.2905709719599012,
    "receivedKBytesPerSec" : 7.240722159668749,
    "sentKBytesPerSec" : 0.14869061455760568
  },
  "GET List Contact Request - 13" : {
    "transaction" : "GET List Contact Request - 13",
    "sampleCount" : 3,
    "errorCount" : 0,
    "errorPct" : 0.0,
    "meanResTime" : 534.0,
    "medianResTime" : 539.0,
    "minResTime" : 523.0,
    "maxResTime" : 540.0,
    "pct1ResTime" : 540.0,
    "pct2ResTime" : 540.0,
    "pct3ResTime" : 540.0,
    "throughput" : 0.17007766880208627,
    "receivedKBytesPerSec" : 4.044327378252736,
    "sentKBytesPerSec" : 0.08703193208231759
  },
  "PATCH Update Contact Request - 3" : {
    "transaction" : "PATCH Update Contact Request - 3",
    "sampleCount" : 1,
    "errorCount" : 0,
    "errorPct" : 0.0,
    "meanResTime" : 277.0,
    "medianResTime" : 277.0,
    "minResTime" : 277.0,
    "maxResTime" : 277.0,
    "pct1ResTime" : 277.0,
    "pct2ResTime" : 277.0,
    "pct3ResTime" : 277.0,
    "throughput" : 3.6101083032490977,
    "receivedKBytesPerSec" : 3.853367554151624,
    "sentKBytesPerSec" : 2.3021491425992777
  },
  "GET List Contact Request - 12" : {
    "transaction" : "GET List Contact Request - 12",
    "sampleCount" : 3,
    "errorCount" : 0,
    "errorPct" : 0.0,
    "meanResTime" : 543.6666666666666,
    "medianResTime" : 539.0,
    "minResTime" : 539.0,
    "maxResTime" : 553.0,
    "pct1ResTime" : 553.0,
    "pct2ResTime" : 553.0,
    "pct3ResTime" : 553.0,
    "throughput" : 0.1699620418106623,
    "receivedKBytesPerSec" : 3.987247535550394,
    "sentKBytesPerSec" : 0.08697276358279984
  },
  "PATCH Update Contact Request - 6" : {
    "transaction" : "PATCH Update Contact Request - 6",
    "sampleCount" : 2,
    "errorCount" : 0,
    "errorPct" : 0.0,
    "meanResTime" : 274.0,
    "medianResTime" : 274.0,
    "minResTime" : 273.0,
    "maxResTime" : 275.0,
    "pct1ResTime" : 275.0,
    "pct2ResTime" : 275.0,
    "pct3ResTime" : 275.0,
    "throughput" : 0.11495574203931487,
    "receivedKBytesPerSec" : 0.12247726031727785,
    "sentKBytesPerSec" : 0.07330673784343028
  },
  "GET List Contact Request - 8" : {
    "transaction" : "GET List Contact Request - 8",
    "sampleCount" : 2,
    "errorCount" : 0,
    "errorPct" : 0.0,
    "meanResTime" : 546.0,
    "medianResTime" : 546.0,
    "minResTime" : 532.0,
    "maxResTime" : 560.0,
    "pct1ResTime" : 560.0,
    "pct2ResTime" : 560.0,
    "pct3ResTime" : 560.0,
    "throughput" : 0.28789405498776455,
    "receivedKBytesPerSec" : 6.667109003886569,
    "sentKBytesPerSec" : 0.1473207859507701
  },
  "GET Contact by ID Request - 20" : {
    "transaction" : "GET Contact by ID Request - 20",
    "sampleCount" : 2,
    "errorCount" : 0,
    "errorPct" : 0.0,
    "meanResTime" : 276.0,
    "medianResTime" : 276.0,
    "minResTime" : 267.0,
    "maxResTime" : 285.0,
    "pct1ResTime" : 285.0,
    "pct2ResTime" : 285.0,
    "pct3ResTime" : 285.0,
    "throughput" : 0.301659125188537,
    "receivedKBytesPerSec" : 0.318450697586727,
    "sentKBytesPerSec" : 0.16172935520361992
  },
  "DEL Delete Contact Request - 3" : {
    "transaction" : "DEL Delete Contact Request - 3",
    "sampleCount" : 1,
    "errorCount" : 0,
    "errorPct" : 0.0,
    "meanResTime" : 277.0,
    "medianResTime" : 277.0,
    "minResTime" : 277.0,
    "maxResTime" : 277.0,
    "pct1ResTime" : 277.0,
    "pct2ResTime" : 277.0,
    "pct3ResTime" : 277.0,
    "throughput" : 3.6101083032490977,
    "receivedKBytesPerSec" : 2.6793772563176894,
    "sentKBytesPerSec" : 2.1646547833935017
  },
  "GET List Contact Request - 9" : {
    "transaction" : "GET List Contact Request - 9",
    "sampleCount" : 2,
    "errorCount" : 0,
    "errorPct" : 0.0,
    "meanResTime" : 543.5,
    "medianResTime" : 543.5,
    "minResTime" : 532.0,
    "maxResTime" : 555.0,
    "pct1ResTime" : 555.0,
    "pct2ResTime" : 555.0,
    "pct3ResTime" : 555.0,
    "throughput" : 0.17722640673460346,
    "receivedKBytesPerSec" : 3.896904076207355,
    "sentKBytesPerSec" : 0.09069007532122286
  },
  "PATCH Update Contact Request - 5" : {
    "transaction" : "PATCH Update Contact Request - 5",
    "sampleCount" : 1,
    "errorCount" : 0,
    "errorPct" : 0.0,
    "meanResTime" : 282.0,
    "medianResTime" : 282.0,
    "minResTime" : 282.0,
    "maxResTime" : 282.0,
    "pct1ResTime" : 282.0,
    "pct2ResTime" : 282.0,
    "pct3ResTime" : 282.0,
    "throughput" : 3.5460992907801416,
    "receivedKBytesPerSec" : 3.7850454343971633,
    "sentKBytesPerSec" : 2.261330895390071
  },
  "DEL Delete Contact Request - 2" : {
    "transaction" : "DEL Delete Contact Request - 2",
    "sampleCount" : 2,
    "errorCount" : 0,
    "errorPct" : 0.0,
    "meanResTime" : 277.5,
    "medianResTime" : 277.5,
    "minResTime" : 276.0,
    "maxResTime" : 279.0,
    "pct1ResTime" : 279.0,
    "pct2ResTime" : 279.0,
    "pct3ResTime" : 279.0,
    "throughput" : 0.29744199881023203,
    "receivedKBytesPerSec" : 0.21959585068411658,
    "sentKBytesPerSec" : 0.17834901100535394
  },
  "GET List Contact Request - 6" : {
    "transaction" : "GET List Contact Request - 6",
    "sampleCount" : 2,
    "errorCount" : 0,
    "errorPct" : 0.0,
    "meanResTime" : 572.5,
    "medianResTime" : 572.5,
    "minResTime" : 549.0,
    "maxResTime" : 596.0,
    "pct1ResTime" : 596.0,
    "pct2ResTime" : 596.0,
    "pct3ResTime" : 596.0,
    "throughput" : 0.11326952483434331,
    "receivedKBytesPerSec" : 2.5137206561137226,
    "sentKBytesPerSec" : 0.05796213966132412
  },
  "GET List Contact Request - 10" : {
    "transaction" : "GET List Contact Request - 10",
    "sampleCount" : 3,
    "errorCount" : 0,
    "errorPct" : 0.0,
    "meanResTime" : 540.0,
    "medianResTime" : 537.0,
    "minResTime" : 534.0,
    "maxResTime" : 549.0,
    "pct1ResTime" : 549.0,
    "pct2ResTime" : 549.0,
    "pct3ResTime" : 549.0,
    "throughput" : 0.1697408622835804,
    "receivedKBytesPerSec" : 3.8915523862736223,
    "sentKBytesPerSec" : 0.08685958187167592
  },
  "PATCH Update Contact Request - 8" : {
    "transaction" : "PATCH Update Contact Request - 8",
    "sampleCount" : 2,
    "errorCount" : 0,
    "errorPct" : 0.0,
    "meanResTime" : 278.0,
    "medianResTime" : 278.0,
    "minResTime" : 274.0,
    "maxResTime" : 282.0,
    "pct1ResTime" : 282.0,
    "pct2ResTime" : 282.0,
    "pct3ResTime" : 282.0,
    "throughput" : 0.30188679245283023,
    "receivedKBytesPerSec" : 0.32163915094339623,
    "sentKBytesPerSec" : 0.19251179245283018
  },
  "GET List Contact Request - 7" : {
    "transaction" : "GET List Contact Request - 7",
    "sampleCount" : 2,
    "errorCount" : 0,
    "errorPct" : 0.0,
    "meanResTime" : 557.0,
    "medianResTime" : 557.0,
    "minResTime" : 541.0,
    "maxResTime" : 573.0,
    "pct1ResTime" : 573.0,
    "pct2ResTime" : 573.0,
    "pct3ResTime" : 573.0,
    "throughput" : 0.28677946659019216,
    "receivedKBytesPerSec" : 6.594807499283051,
    "sentKBytesPerSec" : 0.1467504301691999
  },
  "PATCH Update Contact Request - 7" : {
    "transaction" : "PATCH Update Contact Request - 7",
    "sampleCount" : 2,
    "errorCount" : 0,
    "errorPct" : 0.0,
    "meanResTime" : 274.0,
    "medianResTime" : 274.0,
    "minResTime" : 272.0,
    "maxResTime" : 276.0,
    "pct1ResTime" : 276.0,
    "pct2ResTime" : 276.0,
    "pct3ResTime" : 276.0,
    "throughput" : 0.29700029700029695,
    "receivedKBytesPerSec" : 0.3164329336204336,
    "sentKBytesPerSec" : 0.1893956972081972
  },
  "GET List Contact Request - 4" : {
    "transaction" : "GET List Contact Request - 4",
    "sampleCount" : 2,
    "errorCount" : 0,
    "errorPct" : 0.0,
    "meanResTime" : 420.0,
    "medianResTime" : 420.0,
    "minResTime" : 276.0,
    "maxResTime" : 564.0,
    "pct1ResTime" : 564.0,
    "pct2ResTime" : 564.0,
    "pct3ResTime" : 564.0,
    "throughput" : 0.11305183426601097,
    "receivedKBytesPerSec" : 2.490894028036855,
    "sentKBytesPerSec" : 0.057850743315810305
  },
  "PATCH Update Contact Request - 9" : {
    "transaction" : "PATCH Update Contact Request - 9",
    "sampleCount" : 2,
    "errorCount" : 0,
    "errorPct" : 0.0,
    "meanResTime" : 274.0,
    "medianResTime" : 274.0,
    "minResTime" : 273.0,
    "maxResTime" : 275.0,
    "pct1ResTime" : 275.0,
    "pct2ResTime" : 275.0,
    "pct3ResTime" : 275.0,
    "throughput" : 0.18155410312273057,
    "receivedKBytesPerSec" : 0.1937877292120552,
    "sentKBytesPerSec" : 0.1157762005265069
  },
  "GET List Contact Request - 5" : {
    "transaction" : "GET List Contact Request - 5",
    "sampleCount" : 1,
    "errorCount" : 0,
    "errorPct" : 0.0,
    "meanResTime" : 581.0,
    "medianResTime" : 581.0,
    "minResTime" : 581.0,
    "maxResTime" : 581.0,
    "pct1ResTime" : 581.0,
    "pct2ResTime" : 581.0,
    "pct3ResTime" : 581.0,
    "throughput" : 1.721170395869191,
    "receivedKBytesPerSec" : 37.01861015490534,
    "sentKBytesPerSec" : 0.8807551635111877
  },
  "GET List Contact Request - 2" : {
    "transaction" : "GET List Contact Request - 2",
    "sampleCount" : 2,
    "errorCount" : 0,
    "errorPct" : 0.0,
    "meanResTime" : 554.5,
    "medianResTime" : 554.5,
    "minResTime" : 554.0,
    "maxResTime" : 555.0,
    "pct1ResTime" : 555.0,
    "pct2ResTime" : 555.0,
    "pct3ResTime" : 555.0,
    "throughput" : 0.28571428571428575,
    "receivedKBytesPerSec" : 6.343191964285714,
    "sentKBytesPerSec" : 0.14620535714285715
  },
  "GET List Contact Request - 3" : {
    "transaction" : "GET List Contact Request - 3",
    "sampleCount" : 1,
    "errorCount" : 0,
    "errorPct" : 0.0,
    "meanResTime" : 636.0,
    "medianResTime" : 636.0,
    "minResTime" : 636.0,
    "maxResTime" : 636.0,
    "pct1ResTime" : 636.0,
    "pct2ResTime" : 636.0,
    "pct3ResTime" : 636.0,
    "throughput" : 1.5723270440251573,
    "receivedKBytesPerSec" : 32.82232704402516,
    "sentKBytesPerSec" : 0.8045892295597484
  },
  "GET List Contact Request - 1" : {
    "transaction" : "GET List Contact Request - 1",
    "sampleCount" : 3,
    "errorCount" : 0,
    "errorPct" : 0.0,
    "meanResTime" : 484.3333333333333,
    "medianResTime" : 570.0,
    "minResTime" : 286.0,
    "maxResTime" : 597.0,
    "pct1ResTime" : 597.0,
    "pct2ResTime" : 597.0,
    "pct3ResTime" : 597.0,
    "throughput" : 0.17005838671277138,
    "receivedKBytesPerSec" : 3.6079835326795537,
    "sentKBytesPerSec" : 0.08702206507567599
  },
  "DEL Delete Contact Request - 17" : {
    "transaction" : "DEL Delete Contact Request - 17",
    "sampleCount" : 1,
    "errorCount" : 0,
    "errorPct" : 0.0,
    "meanResTime" : 292.0,
    "medianResTime" : 292.0,
    "minResTime" : 292.0,
    "maxResTime" : 292.0,
    "pct1ResTime" : 292.0,
    "pct2ResTime" : 292.0,
    "pct3ResTime" : 292.0,
    "throughput" : 3.4246575342465753,
    "receivedKBytesPerSec" : 2.5283604452054798,
    "sentKBytesPerSec" : 2.0534567636986303
  },
  "DEL Delete Contact Request - 18" : {
    "transaction" : "DEL Delete Contact Request - 18",
    "sampleCount" : 1,
    "errorCount" : 0,
    "errorPct" : 0.0,
    "meanResTime" : 364.0,
    "medianResTime" : 364.0,
    "minResTime" : 364.0,
    "maxResTime" : 364.0,
    "pct1ResTime" : 364.0,
    "pct2ResTime" : 364.0,
    "pct3ResTime" : 364.0,
    "throughput" : 2.7472527472527473,
    "receivedKBytesPerSec" : 2.0175137362637363,
    "sentKBytesPerSec" : 1.6472785027472527
  },
  "DEL Delete Contact Request - 15" : {
    "transaction" : "DEL Delete Contact Request - 15",
    "sampleCount" : 1,
    "errorCount" : 0,
    "errorPct" : 0.0,
    "meanResTime" : 322.0,
    "medianResTime" : 322.0,
    "minResTime" : 322.0,
    "maxResTime" : 322.0,
    "pct1ResTime" : 322.0,
    "pct2ResTime" : 322.0,
    "pct3ResTime" : 322.0,
    "throughput" : 3.105590062111801,
    "receivedKBytesPerSec" : 2.292798913043478,
    "sentKBytesPerSec" : 1.8621409161490683
  },
  "DEL Delete Contact Request - 16" : {
    "transaction" : "DEL Delete Contact Request - 16",
    "sampleCount" : 1,
    "errorCount" : 0,
    "errorPct" : 0.0,
    "meanResTime" : 283.0,
    "medianResTime" : 283.0,
    "minResTime" : 283.0,
    "maxResTime" : 283.0,
    "pct1ResTime" : 283.0,
    "pct2ResTime" : 283.0,
    "pct3ResTime" : 283.0,
    "throughput" : 3.5335689045936394,
    "receivedKBytesPerSec" : 2.5949646643109543,
    "sentKBytesPerSec" : 2.118761042402827
  },
  "DEL Delete Contact Request - 19" : {
    "transaction" : "DEL Delete Contact Request - 19",
    "sampleCount" : 2,
    "errorCount" : 0,
    "errorPct" : 0.0,
    "meanResTime" : 316.5,
    "medianResTime" : 316.5,
    "minResTime" : 299.0,
    "maxResTime" : 334.0,
    "pct1ResTime" : 334.0,
    "pct2ResTime" : 334.0,
    "pct3ResTime" : 334.0,
    "throughput" : 0.11469205184080744,
    "receivedKBytesPerSec" : 0.08445098348434454,
    "sentKBytesPerSec" : 0.06877042952173415
  },
  "DEL Delete Contact Request - 9" : {
    "transaction" : "DEL Delete Contact Request - 9",
    "sampleCount" : 2,
    "errorCount" : 1,
    "errorPct" : 50.0,
    "meanResTime" : 176.5,
    "medianResTime" : 176.5,
    "minResTime" : 65.0,
    "maxResTime" : 288.0,
    "pct1ResTime" : 288.0,
    "pct2ResTime" : 288.0,
    "pct3ResTime" : 288.0,
    "throughput" : 0.18508236165093467,
    "receivedKBytesPerSec" : 0.3551629303164909,
    "sentKBytesPerSec" : 0.05548855959652046
  },
  "DEL Delete Contact Request - 10" : {
    "transaction" : "DEL Delete Contact Request - 10",
    "sampleCount" : 2,
    "errorCount" : 0,
    "errorPct" : 0.0,
    "meanResTime" : 278.0,
    "medianResTime" : 278.0,
    "minResTime" : 272.0,
    "maxResTime" : 284.0,
    "pct1ResTime" : 284.0,
    "pct2ResTime" : 284.0,
    "pct3ResTime" : 284.0,
    "throughput" : 0.11479738261967627,
    "receivedKBytesPerSec" : 0.08452854149925382,
    "sentKBytesPerSec" : 0.06883358684421995
  },
  "DEL Delete Contact Request - 8" : {
    "transaction" : "DEL Delete Contact Request - 8",
    "sampleCount" : 2,
    "errorCount" : 1,
    "errorPct" : 50.0,
    "meanResTime" : 198.0,
    "medianResTime" : 198.0,
    "minResTime" : 106.0,
    "maxResTime" : 290.0,
    "pct1ResTime" : 290.0,
    "pct2ResTime" : 290.0,
    "pct3ResTime" : 290.0,
    "throughput" : 0.3014772384684956,
    "receivedKBytesPerSec" : 0.5779295108531806,
    "sentKBytesPerSec" : 0.09038428926741031
  },
  "DEL Delete Contact Request - 13" : {
    "transaction" : "DEL Delete Contact Request - 13",
    "sampleCount" : 2,
    "errorCount" : 0,
    "errorPct" : 0.0,
    "meanResTime" : 272.0,
    "medianResTime" : 272.0,
    "minResTime" : 266.0,
    "maxResTime" : 278.0,
    "pct1ResTime" : 278.0,
    "pct2ResTime" : 278.0,
    "pct3ResTime" : 278.0,
    "throughput" : 0.11548010855130203,
    "receivedKBytesPerSec" : 0.0850312518043767,
    "sentKBytesPerSec" : 0.06924295571337838
  },
  "DEL Delete Contact Request - 5" : {
    "transaction" : "DEL Delete Contact Request - 5",
    "sampleCount" : 1,
    "errorCount" : 0,
    "errorPct" : 0.0,
    "meanResTime" : 292.0,
    "medianResTime" : 292.0,
    "minResTime" : 292.0,
    "maxResTime" : 292.0,
    "pct1ResTime" : 292.0,
    "pct2ResTime" : 292.0,
    "pct3ResTime" : 292.0,
    "throughput" : 3.4246575342465753,
    "receivedKBytesPerSec" : 2.5417380136986303,
    "sentKBytesPerSec" : 2.0534567636986303
  },
  "PATCH Update Contact" : {
    "transaction" : "PATCH Update Contact",
    "sampleCount" : 35,
    "errorCount" : 4,
    "errorPct" : 11.428572,
    "meanResTime" : 267.17142857142863,
    "medianResTime" : 276.0,
    "minResTime" : 73.0,
    "maxResTime" : 330.0,
    "pct1ResTime" : 294.2,
    "pct2ResTime" : 310.7999999999999,
    "pct3ResTime" : 330.0,
    "throughput" : 1.883847354540072,
    "receivedKBytesPerSec" : 2.3859263146563325,
    "sentKBytesPerSec" : 1.064026841460789
  },
  "DEL Delete Contact Request - 4" : {
    "transaction" : "DEL Delete Contact Request - 4",
    "sampleCount" : 2,
    "errorCount" : 0,
    "errorPct" : 0.0,
    "meanResTime" : 287.5,
    "medianResTime" : 287.5,
    "minResTime" : 283.0,
    "maxResTime" : 292.0,
    "pct1ResTime" : 292.0,
    "pct2ResTime" : 292.0,
    "pct3ResTime" : 292.0,
    "throughput" : 0.11312857062051021,
    "receivedKBytesPerSec" : 0.08352070252842356,
    "sentKBytesPerSec" : 0.06783295152440749
  },
  "DEL Delete Contact Request - 14" : {
    "transaction" : "DEL Delete Contact Request - 14",
    "sampleCount" : 1,
    "errorCount" : 0,
    "errorPct" : 0.0,
    "meanResTime" : 301.0,
    "medianResTime" : 301.0,
    "minResTime" : 301.0,
    "maxResTime" : 301.0,
    "pct1ResTime" : 301.0,
    "pct2ResTime" : 301.0,
    "pct3ResTime" : 301.0,
    "throughput" : 3.3222591362126246,
    "receivedKBytesPerSec" : 2.439784053156146,
    "sentKBytesPerSec" : 1.9920577242524917
  },
  "PATCH Update Contact Request - 2" : {
    "transaction" : "PATCH Update Contact Request - 2",
    "sampleCount" : 2,
    "errorCount" : 0,
    "errorPct" : 0.0,
    "meanResTime" : 290.5,
    "medianResTime" : 290.5,
    "minResTime" : 275.0,
    "maxResTime" : 306.0,
    "pct1ResTime" : 306.0,
    "pct2ResTime" : 306.0,
    "pct3ResTime" : 306.0,
    "throughput" : 0.2975304968759298,
    "receivedKBytesPerSec" : 0.3169978243082416,
    "sentKBytesPerSec" : 0.1897338031835763
  },
  "DEL Delete Contact Request - 7" : {
    "transaction" : "DEL Delete Contact Request - 7",
    "sampleCount" : 2,
    "errorCount" : 1,
    "errorPct" : 50.0,
    "meanResTime" : 268.0,
    "medianResTime" : 268.0,
    "minResTime" : 260.0,
    "maxResTime" : 276.0,
    "pct1ResTime" : 276.0,
    "pct2ResTime" : 276.0,
    "pct3ResTime" : 276.0,
    "throughput" : 0.29700029700029695,
    "receivedKBytesPerSec" : 0.569347249034749,
    "sentKBytesPerSec" : 0.08904208122958122
  },
  "PATCH Update Contact Request - 1" : {
    "transaction" : "PATCH Update Contact Request - 1",
    "sampleCount" : 3,
    "errorCount" : 0,
    "errorPct" : 0.0,
    "meanResTime" : 275.6666666666667,
    "medianResTime" : 274.0,
    "minResTime" : 273.0,
    "maxResTime" : 280.0,
    "pct1ResTime" : 280.0,
    "pct2ResTime" : 280.0,
    "pct3ResTime" : 280.0,
    "throughput" : 0.1700294717751077,
    "receivedKBytesPerSec" : 0.18126514324982998,
    "sentKBytesPerSec" : 0.10842699713783724
  },
  "DEL Delete Contact Request - 6" : {
    "transaction" : "DEL Delete Contact Request - 6",
    "sampleCount" : 2,
    "errorCount" : 0,
    "errorPct" : 0.0,
    "meanResTime" : 271.0,
    "medianResTime" : 271.0,
    "minResTime" : 269.0,
    "maxResTime" : 273.0,
    "pct1ResTime" : 273.0,
    "pct2ResTime" : 273.0,
    "pct3ResTime" : 273.0,
    "throughput" : 0.11496234983043054,
    "receivedKBytesPerSec" : 0.084650011496235,
    "sentKBytesPerSec" : 0.06893250273035581
  },
  "DEL Delete Contact Request - 12" : {
    "transaction" : "DEL Delete Contact Request - 12",
    "sampleCount" : 2,
    "errorCount" : 0,
    "errorPct" : 0.0,
    "meanResTime" : 278.5,
    "medianResTime" : 278.5,
    "minResTime" : 278.0,
    "maxResTime" : 279.0,
    "pct1ResTime" : 279.0,
    "pct2ResTime" : 279.0,
    "pct3ResTime" : 279.0,
    "throughput" : 0.11529371072807978,
    "receivedKBytesPerSec" : 0.08489400184469936,
    "sentKBytesPerSec" : 0.0691311898310947
  },
  "PATCH Update Contact Request - 20" : {
    "transaction" : "PATCH Update Contact Request - 20",
    "sampleCount" : 1,
    "errorCount" : 0,
    "errorPct" : 0.0,
    "meanResTime" : 330.0,
    "medianResTime" : 330.0,
    "minResTime" : 330.0,
    "maxResTime" : 330.0,
    "pct1ResTime" : 330.0,
    "pct2ResTime" : 330.0,
    "pct3ResTime" : 330.0,
    "throughput" : 3.0303030303030303,
    "receivedKBytesPerSec" : 3.2108191287878785,
    "sentKBytesPerSec" : 1.9324100378787878
  },
  "GET Contact by List and ID" : {
    "transaction" : "GET Contact by List and ID",
    "sampleCount" : 39,
    "errorCount" : 0,
    "errorPct" : 0.0,
    "meanResTime" : 810.5897435897438,
    "medianResTime" : 816.0,
    "minResTime" : 558.0,
    "maxResTime" : 920.0,
    "pct1ResTime" : 857.0,
    "pct2ResTime" : 888.0,
    "pct3ResTime" : 920.0,
    "throughput" : 2.0738062320536,
    "receivedKBytesPerSec" : 50.11900914269382,
    "sentKBytesPerSec" : 2.173041100579602
  },
  "GET Contact by ID Request - 7" : {
    "transaction" : "GET Contact by ID Request - 7",
    "sampleCount" : 2,
    "errorCount" : 0,
    "errorPct" : 0.0,
    "meanResTime" : 267.5,
    "medianResTime" : 267.5,
    "minResTime" : 256.0,
    "maxResTime" : 279.0,
    "pct1ResTime" : 279.0,
    "pct2ResTime" : 279.0,
    "pct3ResTime" : 279.0,
    "throughput" : 0.29797377830750893,
    "receivedKBytesPerSec" : 0.313687239272944,
    "sentKBytesPerSec" : 0.15975351981525626
  },
  "GET Contact by ID Request - 6" : {
    "transaction" : "GET Contact by ID Request - 6",
    "sampleCount" : 2,
    "errorCount" : 0,
    "errorPct" : 0.0,
    "meanResTime" : 274.5,
    "medianResTime" : 274.5,
    "minResTime" : 267.0,
    "maxResTime" : 282.0,
    "pct1ResTime" : 282.0,
    "pct2ResTime" : 282.0,
    "pct3ResTime" : 282.0,
    "throughput" : 0.11500862564692352,
    "receivedKBytesPerSec" : 0.12129815986198965,
    "sentKBytesPerSec" : 0.061659897929844734
  },
  "GET Contact by ID Request - 9" : {
    "transaction" : "GET Contact by ID Request - 9",
    "sampleCount" : 2,
    "errorCount" : 0,
    "errorPct" : 0.0,
    "meanResTime" : 266.5,
    "medianResTime" : 266.5,
    "minResTime" : 266.0,
    "maxResTime" : 267.0,
    "pct1ResTime" : 267.0,
    "pct2ResTime" : 267.0,
    "pct3ResTime" : 267.0,
    "throughput" : 0.18148820326678763,
    "receivedKBytesPerSec" : 0.19176780852994557,
    "sentKBytesPerSec" : 0.09730178085299455
  },
  "GET Contact by ID Request - 8" : {
    "transaction" : "GET Contact by ID Request - 8",
    "sampleCount" : 2,
    "errorCount" : 0,
    "errorPct" : 0.0,
    "meanResTime" : 279.5,
    "medianResTime" : 279.5,
    "minResTime" : 265.0,
    "maxResTime" : 294.0,
    "pct1ResTime" : 294.0,
    "pct2ResTime" : 294.0,
    "pct3ResTime" : 294.0,
    "throughput" : 0.3006162633398467,
    "receivedKBytesPerSec" : 0.3188176386592515,
    "sentKBytesPerSec" : 0.16117024274763267
  },
  "GET Contact by ID Request - 3" : {
    "transaction" : "GET Contact by ID Request - 3",
    "sampleCount" : 1,
    "errorCount" : 0,
    "errorPct" : 0.0,
    "meanResTime" : 284.0,
    "medianResTime" : 284.0,
    "minResTime" : 284.0,
    "maxResTime" : 284.0,
    "pct1ResTime" : 284.0,
    "pct2ResTime" : 284.0,
    "pct3ResTime" : 284.0,
    "throughput" : 3.5211267605633805,
    "receivedKBytesPerSec" : 3.706811179577465,
    "sentKBytesPerSec" : 1.8877915933098592
  },
  "GET Contact by ID Request - 2" : {
    "transaction" : "GET Contact by ID Request - 2",
    "sampleCount" : 2,
    "errorCount" : 0,
    "errorPct" : 0.0,
    "meanResTime" : 280.0,
    "medianResTime" : 280.0,
    "minResTime" : 270.0,
    "maxResTime" : 290.0,
    "pct1ResTime" : 290.0,
    "pct2ResTime" : 290.0,
    "pct3ResTime" : 290.0,
    "throughput" : 0.2978406552494416,
    "receivedKBytesPerSec" : 0.31296537602382724,
    "sentKBytesPerSec" : 0.15968214817572599
  },
  "GET Contact by ID Request - 5" : {
    "transaction" : "GET Contact by ID Request - 5",
    "sampleCount" : 1,
    "errorCount" : 0,
    "errorPct" : 0.0,
    "meanResTime" : 270.0,
    "medianResTime" : 270.0,
    "minResTime" : 270.0,
    "maxResTime" : 270.0,
    "pct1ResTime" : 270.0,
    "pct2ResTime" : 270.0,
    "pct3ResTime" : 270.0,
    "throughput" : 3.7037037037037037,
    "receivedKBytesPerSec" : 3.927951388888889,
    "sentKBytesPerSec" : 1.9856770833333333
  },
  "GET Contact by ID Request - 4" : {
    "transaction" : "GET Contact by ID Request - 4",
    "sampleCount" : 2,
    "errorCount" : 0,
    "errorPct" : 0.0,
    "meanResTime" : 276.0,
    "medianResTime" : 276.0,
    "minResTime" : 270.0,
    "maxResTime" : 282.0,
    "pct1ResTime" : 282.0,
    "pct2ResTime" : 282.0,
    "pct3ResTime" : 282.0,
    "throughput" : 0.11309018942606729,
    "receivedKBytesPerSec" : 0.1183912920554142,
    "sentKBytesPerSec" : 0.06063136132315522
  },
  "DEL Delete Contact Request - 20" : {
    "transaction" : "DEL Delete Contact Request - 20",
    "sampleCount" : 1,
    "errorCount" : 0,
    "errorPct" : 0.0,
    "meanResTime" : 360.0,
    "medianResTime" : 360.0,
    "minResTime" : 360.0,
    "maxResTime" : 360.0,
    "pct1ResTime" : 360.0,
    "pct2ResTime" : 360.0,
    "pct3ResTime" : 360.0,
    "throughput" : 2.7777777777777777,
    "receivedKBytesPerSec" : 2.039930555555556,
    "sentKBytesPerSec" : 1.6655815972222223
  },
  "GET Contact by ID Request - 1" : {
    "transaction" : "GET Contact by ID Request - 1",
    "sampleCount" : 3,
    "errorCount" : 0,
    "errorPct" : 0.0,
    "meanResTime" : 277.0,
    "medianResTime" : 272.0,
    "minResTime" : 268.0,
    "maxResTime" : 291.0,
    "pct1ResTime" : 291.0,
    "pct2ResTime" : 291.0,
    "pct3ResTime" : 291.0,
    "throughput" : 0.17024174327545114,
    "receivedKBytesPerSec" : 0.1802168454204971,
    "sentKBytesPerSec" : 0.09127218462717059
  },
  "PATCH Update Contact Request - 16" : {
    "transaction" : "PATCH Update Contact Request - 16",
    "sampleCount" : 1,
    "errorCount" : 0,
    "errorPct" : 0.0,
    "meanResTime" : 284.0,
    "medianResTime" : 284.0,
    "minResTime" : 284.0,
    "maxResTime" : 284.0,
    "pct1ResTime" : 284.0,
    "pct2ResTime" : 284.0,
    "pct3ResTime" : 284.0,
    "throughput" : 3.5211267605633805,
    "receivedKBytesPerSec" : 3.730881382042254,
    "sentKBytesPerSec" : 2.2454060299295775
  },
  "PATCH Update Contact Request - 17" : {
    "transaction" : "PATCH Update Contact Request - 17",
    "sampleCount" : 1,
    "errorCount" : 0,
    "errorPct" : 0.0,
    "meanResTime" : 282.0,
    "medianResTime" : 282.0,
    "minResTime" : 282.0,
    "maxResTime" : 282.0,
    "pct1ResTime" : 282.0,
    "pct2ResTime" : 282.0,
    "pct3ResTime" : 282.0,
    "throughput" : 3.5460992907801416,
    "receivedKBytesPerSec" : 3.7711934840425534,
    "sentKBytesPerSec" : 2.261330895390071
  },
  "PATCH Update Contact Request - 18" : {
    "transaction" : "PATCH Update Contact Request - 18",
    "sampleCount" : 1,
    "errorCount" : 0,
    "errorPct" : 0.0,
    "meanResTime" : 273.0,
    "medianResTime" : 273.0,
    "minResTime" : 273.0,
    "maxResTime" : 273.0,
    "pct1ResTime" : 273.0,
    "pct2ResTime" : 273.0,
    "pct3ResTime" : 273.0,
    "throughput" : 3.663003663003663,
    "receivedKBytesPerSec" : 3.8812099358974357,
    "sentKBytesPerSec" : 2.3358802655677655
  },
  "PATCH Update Contact Request - 19" : {
    "transaction" : "PATCH Update Contact Request - 19",
    "sampleCount" : 2,
    "errorCount" : 0,
    "errorPct" : 0.0,
    "meanResTime" : 285.5,
    "medianResTime" : 285.5,
    "minResTime" : 281.0,
    "maxResTime" : 290.0,
    "pct1ResTime" : 290.0,
    "pct2ResTime" : 290.0,
    "pct3ResTime" : 290.0,
    "throughput" : 0.11498217776244682,
    "receivedKBytesPerSec" : 0.12205627658962862,
    "sentKBytesPerSec" : 0.07332359578015409
  },
  "PATCH Update Contact Request - 10" : {
    "transaction" : "PATCH Update Contact Request - 10",
    "sampleCount" : 3,
    "errorCount" : 1,
    "errorPct" : 33.333332,
    "meanResTime" : 289.6666666666667,
    "medianResTime" : 291.0,
    "minResTime" : 279.0,
    "maxResTime" : 299.0,
    "pct1ResTime" : 299.0,
    "pct2ResTime" : 299.0,
    "pct3ResTime" : 299.0,
    "throughput" : 0.17224550726301888,
    "receivedKBytesPerSec" : 0.2395849780386978,
    "sentKBytesPerSec" : 0.07322676838720789
  },
  "PATCH Update Contact Request - 12" : {
    "transaction" : "PATCH Update Contact Request - 12",
    "sampleCount" : 3,
    "errorCount" : 1,
    "errorPct" : 33.333332,
    "meanResTime" : 247.66666666666666,
    "medianResTime" : 278.0,
    "minResTime" : 182.0,
    "maxResTime" : 283.0,
    "pct1ResTime" : 283.0,
    "pct2ResTime" : 283.0,
    "pct3ResTime" : 283.0,
    "throughput" : 0.17294056609211966,
    "receivedKBytesPerSec" : 0.30106970945984896,
    "sentKBytesPerSec" : 0.07352225889202743
  },
  "PATCH Update Contact Request - 13" : {
    "transaction" : "PATCH Update Contact Request - 13",
    "sampleCount" : 3,
    "errorCount" : 1,
    "errorPct" : 33.333332,
    "meanResTime" : 211.0,
    "medianResTime" : 269.0,
    "minResTime" : 91.0,
    "maxResTime" : 273.0,
    "pct1ResTime" : 273.0,
    "pct2ResTime" : 273.0,
    "pct3ResTime" : 273.0,
    "throughput" : 0.17316017316017315,
    "receivedKBytesPerSec" : 0.3014520202020202,
    "sentKBytesPerSec" : 0.0736156204906205
  },
  "PATCH Update Contact Request - 14" : {
    "transaction" : "PATCH Update Contact Request - 14",
    "sampleCount" : 2,
    "errorCount" : 1,
    "errorPct" : 50.0,
    "meanResTime" : 181.5,
    "medianResTime" : 181.5,
    "minResTime" : 73.0,
    "maxResTime" : 290.0,
    "pct1ResTime" : 290.0,
    "pct2ResTime" : 290.0,
    "pct3ResTime" : 290.0,
    "throughput" : 0.3013863773357444,
    "receivedKBytesPerSec" : 0.6267600493520192,
    "sentKBytesPerSec" : 0.09609634003918023
  },
  "PATCH Update Contact Request - 15" : {
    "transaction" : "PATCH Update Contact Request - 15",
    "sampleCount" : 1,
    "errorCount" : 0,
    "errorPct" : 0.0,
    "meanResTime" : 291.0,
    "medianResTime" : 291.0,
    "minResTime" : 291.0,
    "maxResTime" : 291.0,
    "pct1ResTime" : 291.0,
    "pct2ResTime" : 291.0,
    "pct3ResTime" : 291.0,
    "throughput" : 3.4364261168384878,
    "receivedKBytesPerSec" : 3.654558634020619,
    "sentKBytesPerSec" : 2.1913928264604814
  },
  "Delete Contact" : {
    "transaction" : "Delete Contact",
    "sampleCount" : 31,
    "errorCount" : 3,
    "errorPct" : 9.67742,
    "meanResTime" : 276.3870967741936,
    "medianResTime" : 279.0,
    "minResTime" : 65.0,
    "maxResTime" : 364.0,
    "pct1ResTime" : 331.6,
    "pct2ResTime" : 361.6,
    "pct3ResTime" : 364.0,
    "throughput" : 1.6614856897845427,
    "receivedKBytesPerSec" : 1.6048536485689784,
    "sentKBytesPerSec" : 0.8998318415693
  },
  "PUT Update Contact Request - 4" : {
    "transaction" : "PUT Update Contact Request - 4",
    "sampleCount" : 2,
    "errorCount" : 0,
    "errorPct" : 0.0,
    "meanResTime" : 273.5,
    "medianResTime" : 273.5,
    "minResTime" : 272.0,
    "maxResTime" : 275.0,
    "pct1ResTime" : 275.0,
    "pct2ResTime" : 275.0,
    "pct3ResTime" : 275.0,
    "throughput" : 0.11314777098891152,
    "receivedKBytesPerSec" : 0.12077198602625029,
    "sentKBytesPerSec" : 0.10662851465263636
  },
  "PUT Update Contact Request - 5" : {
    "transaction" : "PUT Update Contact Request - 5",
    "sampleCount" : 1,
    "errorCount" : 0,
    "errorPct" : 0.0,
    "meanResTime" : 277.0,
    "medianResTime" : 277.0,
    "minResTime" : 277.0,
    "maxResTime" : 277.0,
    "pct1ResTime" : 277.0,
    "pct2ResTime" : 277.0,
    "pct3ResTime" : 277.0,
    "throughput" : 3.6101083032490977,
    "receivedKBytesPerSec" : 3.8604185469314074,
    "sentKBytesPerSec" : 3.402104016245487
  },
  "PUT Update Contact Request - 2" : {
    "transaction" : "PUT Update Contact Request - 2",
    "sampleCount" : 2,
    "errorCount" : 0,
    "errorPct" : 0.0,
    "meanResTime" : 280.5,
    "medianResTime" : 280.5,
    "minResTime" : 276.0,
    "maxResTime" : 285.0,
    "pct1ResTime" : 285.0,
    "pct2ResTime" : 285.0,
    "pct3ResTime" : 285.0,
    "throughput" : 0.29846291598268915,
    "receivedKBytesPerSec" : 0.318574186688554,
    "sentKBytesPerSec" : 0.28126632219071784
  },
  "PUT Update Contact Request - 3" : {
    "transaction" : "PUT Update Contact Request - 3",
    "sampleCount" : 1,
    "errorCount" : 0,
    "errorPct" : 0.0,
    "meanResTime" : 277.0,
    "medianResTime" : 277.0,
    "minResTime" : 277.0,
    "maxResTime" : 277.0,
    "pct1ResTime" : 277.0,
    "pct2ResTime" : 277.0,
    "pct3ResTime" : 277.0,
    "throughput" : 3.6101083032490977,
    "receivedKBytesPerSec" : 3.8604185469314074,
    "sentKBytesPerSec" : 3.402104016245487
  },
  "PUT Update Contact Request - 8" : {
    "transaction" : "PUT Update Contact Request - 8",
    "sampleCount" : 2,
    "errorCount" : 0,
    "errorPct" : 0.0,
    "meanResTime" : 273.5,
    "medianResTime" : 273.5,
    "minResTime" : 269.0,
    "maxResTime" : 278.0,
    "pct1ResTime" : 278.0,
    "pct2ResTime" : 278.0,
    "pct3ResTime" : 278.0,
    "throughput" : 0.30175015087507545,
    "receivedKBytesPerSec" : 0.3220829247133373,
    "sentKBytesPerSec" : 0.2843641558539529
  },
  "PUT Update Contact Request - 9" : {
    "transaction" : "PUT Update Contact Request - 9",
    "sampleCount" : 2,
    "errorCount" : 0,
    "errorPct" : 0.0,
    "meanResTime" : 288.5,
    "medianResTime" : 288.5,
    "minResTime" : 282.0,
    "maxResTime" : 295.0,
    "pct1ResTime" : 295.0,
    "pct2ResTime" : 295.0,
    "pct3ResTime" : 295.0,
    "throughput" : 0.1812250815512867,
    "receivedKBytesPerSec" : 0.1937904924791591,
    "sentKBytesPerSec" : 0.17078340204784342
  },
  "PUT Update Contact Request - 20" : {
    "transaction" : "PUT Update Contact Request - 20",
    "sampleCount" : 2,
    "errorCount" : 1,
    "errorPct" : 50.0,
    "meanResTime" : 180.5,
    "medianResTime" : 180.5,
    "minResTime" : 87.0,
    "maxResTime" : 274.0,
    "pct1ResTime" : 274.0,
    "pct2ResTime" : 274.0,
    "pct3ResTime" : 274.0,
    "throughput" : 0.3021148036253776,
    "receivedKBytesPerSec" : 0.6285699112537764,
    "sentKBytesPerSec" : 0.14235389916918428
  },
  "PUT Update Contact Request - 6" : {
    "transaction" : "PUT Update Contact Request - 6",
    "sampleCount" : 2,
    "errorCount" : 0,
    "errorPct" : 0.0,
    "meanResTime" : 274.5,
    "medianResTime" : 274.5,
    "minResTime" : 274.0,
    "maxResTime" : 275.0,
    "pct1ResTime" : 275.0,
    "pct2ResTime" : 275.0,
    "pct3ResTime" : 275.0,
    "throughput" : 0.11495574203931487,
    "receivedKBytesPerSec" : 0.12270178325094838,
    "sentKBytesPerSec" : 0.10833231549603403
  },
  "PUT Update Contact Request - 7" : {
    "transaction" : "PUT Update Contact Request - 7",
    "sampleCount" : 2,
    "errorCount" : 0,
    "errorPct" : 0.0,
    "meanResTime" : 264.5,
    "medianResTime" : 264.5,
    "minResTime" : 261.0,
    "maxResTime" : 268.0,
    "pct1ResTime" : 268.0,
    "pct2ResTime" : 268.0,
    "pct3ResTime" : 268.0,
    "throughput" : 0.29744199881023203,
    "receivedKBytesPerSec" : 0.31748447724568707,
    "sentKBytesPerSec" : 0.2803042273944081
  },
  "PUT Update Contact Request - 1" : {
    "transaction" : "PUT Update Contact Request - 1",
    "sampleCount" : 3,
    "errorCount" : 0,
    "errorPct" : 0.0,
    "meanResTime" : 288.6666666666667,
    "medianResTime" : 294.0,
    "minResTime" : 274.0,
    "maxResTime" : 298.0,
    "pct1ResTime" : 298.0,
    "pct2ResTime" : 298.0,
    "pct3ResTime" : 298.0,
    "throughput" : 0.1700294717751077,
    "receivedKBytesPerSec" : 0.18115444697914307,
    "sentKBytesPerSec" : 0.16023285181931538
  },
  "PUT Update Contact Request - 18" : {
    "transaction" : "PUT Update Contact Request - 18",
    "sampleCount" : 2,
    "errorCount" : 1,
    "errorPct" : 50.0,
    "meanResTime" : 209.5,
    "medianResTime" : 209.5,
    "minResTime" : 141.0,
    "maxResTime" : 278.0,
    "pct1ResTime" : 278.0,
    "pct2ResTime" : 278.0,
    "pct3ResTime" : 278.0,
    "throughput" : 0.3036744609778318,
    "receivedKBytesPerSec" : 0.6318148819465532,
    "sentKBytesPerSec" : 0.1430887963103553
  },
  "PUT Update Contact Request - 17" : {
    "transaction" : "PUT Update Contact Request - 17",
    "sampleCount" : 2,
    "errorCount" : 1,
    "errorPct" : 50.0,
    "meanResTime" : 258.5,
    "medianResTime" : 258.5,
    "minResTime" : 241.0,
    "maxResTime" : 276.0,
    "pct1ResTime" : 276.0,
    "pct2ResTime" : 276.0,
    "pct3ResTime" : 276.0,
    "throughput" : 0.18221574344023322,
    "receivedKBytesPerSec" : 0.3798237347394315,
    "sentKBytesPerSec" : 0.0858584923924927
  },
  "PUT Update Contact Request - 19" : {
    "transaction" : "PUT Update Contact Request - 19",
    "sampleCount" : 2,
    "errorCount" : 0,
    "errorPct" : 0.0,
    "meanResTime" : 276.5,
    "medianResTime" : 276.5,
    "minResTime" : 275.0,
    "maxResTime" : 278.0,
    "pct1ResTime" : 278.0,
    "pct2ResTime" : 278.0,
    "pct3ResTime" : 278.0,
    "throughput" : 0.11500201253521937,
    "receivedKBytesPerSec" : 0.12230194497153701,
    "sentKBytesPerSec" : 0.10837592001610029
  },
  "PUT Update Contact Request - 14" : {
    "transaction" : "PUT Update Contact Request - 14",
    "sampleCount" : 2,
    "errorCount" : 0,
    "errorPct" : 0.0,
    "meanResTime" : 275.5,
    "medianResTime" : 275.5,
    "minResTime" : 273.0,
    "maxResTime" : 278.0,
    "pct1ResTime" : 278.0,
    "pct2ResTime" : 278.0,
    "pct3ResTime" : 278.0,
    "throughput" : 0.3022517757291824,
    "receivedKBytesPerSec" : 0.32261835046093396,
    "sentKBytesPerSec" : 0.28483687849478617
  },
  "PUT Update Contact Request - 13" : {
    "transaction" : "PUT Update Contact Request - 13",
    "sampleCount" : 3,
    "errorCount" : 0,
    "errorPct" : 0.0,
    "meanResTime" : 274.6666666666667,
    "medianResTime" : 273.0,
    "minResTime" : 267.0,
    "maxResTime" : 284.0,
    "pct1ResTime" : 284.0,
    "pct2ResTime" : 284.0,
    "pct3ResTime" : 284.0,
    "throughput" : 0.1731301939058172,
    "receivedKBytesPerSec" : 0.18490890826985226,
    "sentKBytesPerSec" : 0.16315491906163435
  },
  "PUT Update Contact Request - 16" : {
    "transaction" : "PUT Update Contact Request - 16",
    "sampleCount" : 2,
    "errorCount" : 1,
    "errorPct" : 50.0,
    "meanResTime" : 282.0,
    "medianResTime" : 282.0,
    "minResTime" : 275.0,
    "maxResTime" : 289.0,
    "pct1ResTime" : 289.0,
    "pct2ResTime" : 289.0,
    "pct3ResTime" : 289.0,
    "throughput" : 0.3016136329362087,
    "receivedKBytesPerSec" : 0.6275271923540944,
    "sentKBytesPerSec" : 0.14211775184738348
  },
  "PUT Update Contact Request - 15" : {
    "transaction" : "PUT Update Contact Request - 15",
    "sampleCount" : 1,
    "errorCount" : 0,
    "errorPct" : 0.0,
    "meanResTime" : 270.0,
    "medianResTime" : 270.0,
    "minResTime" : 270.0,
    "maxResTime" : 270.0,
    "pct1ResTime" : 270.0,
    "pct2ResTime" : 270.0,
    "pct3ResTime" : 270.0,
    "throughput" : 3.7037037037037037,
    "receivedKBytesPerSec" : 3.960503472222222,
    "sentKBytesPerSec" : 3.490306712962963
  },
  "PUT Update Contact Request - 10" : {
    "transaction" : "PUT Update Contact Request - 10",
    "sampleCount" : 3,
    "errorCount" : 0,
    "errorPct" : 0.0,
    "meanResTime" : 278.0,
    "medianResTime" : 278.0,
    "minResTime" : 276.0,
    "maxResTime" : 280.0,
    "pct1ResTime" : 280.0,
    "pct2ResTime" : 280.0,
    "pct3ResTime" : 280.0,
    "throughput" : 0.17236426314277506,
    "receivedKBytesPerSec" : 0.18409086828497556,
    "sentKBytesPerSec" : 0.16243311907497845
  },
  "PUT Update Contact Request - 12" : {
    "transaction" : "PUT Update Contact Request - 12",
    "sampleCount" : 3,
    "errorCount" : 0,
    "errorPct" : 0.0,
    "meanResTime" : 272.3333333333333,
    "medianResTime" : 272.0,
    "minResTime" : 270.0,
    "maxResTime" : 275.0,
    "pct1ResTime" : 275.0,
    "pct2ResTime" : 275.0,
    "pct3ResTime" : 275.0,
    "throughput" : 0.17306028266512835,
    "receivedKBytesPerSec" : 0.1848342406980098,
    "sentKBytesPerSec" : 0.16308903591000865
  },
  "PUT Update Contact" : {
    "transaction" : "PUT Update Contact",
    "sampleCount" : 39,
    "errorCount" : 4,
    "errorPct" : 10.256411,
    "meanResTime" : 267.74358974358967,
    "medianResTime" : 275.0,
    "minResTime" : 88.0,
    "maxResTime" : 298.0,
    "pct1ResTime" : 289.0,
    "pct2ResTime" : 295.0,
    "pct3ResTime" : 298.0,
    "throughput" : 2.105490471305944,
    "receivedKBytesPerSec" : 2.685480972979539,
    "sentKBytesPerSec" : 1.7806725928575284
  },
  "GET Contact by ID Request - 12" : {
    "transaction" : "GET Contact by ID Request - 12",
    "sampleCount" : 3,
    "errorCount" : 0,
    "errorPct" : 0.0,
    "meanResTime" : 280.3333333333333,
    "medianResTime" : 271.0,
    "minResTime" : 266.0,
    "maxResTime" : 304.0,
    "pct1ResTime" : 304.0,
    "pct2ResTime" : 304.0,
    "pct3ResTime" : 304.0,
    "throughput" : 0.17277125086385625,
    "receivedKBytesPerSec" : 0.18266960377793134,
    "sentKBytesPerSec" : 0.0926283366447823
  },
  "GET Contact by ID Request - 10" : {
    "transaction" : "GET Contact by ID Request - 10",
    "sampleCount" : 3,
    "errorCount" : 0,
    "errorPct" : 0.0,
    "meanResTime" : 270.3333333333333,
    "medianResTime" : 270.0,
    "minResTime" : 266.0,
    "maxResTime" : 275.0,
    "pct1ResTime" : 275.0,
    "pct2ResTime" : 275.0,
    "pct3ResTime" : 275.0,
    "throughput" : 0.17238407171177383,
    "receivedKBytesPerSec" : 0.1813624087800954,
    "sentKBytesPerSec" : 0.092420757197035
  },
  "POST Auth Request - 3" : {
    "transaction" : "POST Auth Request - 3",
    "sampleCount" : 3,
    "errorCount" : 2,
    "errorPct" : 66.666664,
    "meanResTime" : 1114.0,
    "medianResTime" : 1118.0,
    "minResTime" : 1086.0,
    "maxResTime" : 1138.0,
    "pct1ResTime" : 1138.0,
    "pct2ResTime" : 1138.0,
    "pct3ResTime" : 1138.0,
    "throughput" : 0.1643655489809336,
    "receivedKBytesPerSec" : 0.138897449594565,
    "sentKBytesPerSec" : 0.044141138642340566
  },
  "GET Contact by ID Request - 15" : {
    "transaction" : "GET Contact by ID Request - 15",
    "sampleCount" : 1,
    "errorCount" : 0,
    "errorPct" : 0.0,
    "meanResTime" : 298.0,
    "medianResTime" : 298.0,
    "minResTime" : 298.0,
    "maxResTime" : 298.0,
    "pct1ResTime" : 298.0,
    "pct2ResTime" : 298.0,
    "pct3ResTime" : 298.0,
    "throughput" : 3.3557046979865772,
    "receivedKBytesPerSec" : 3.5326656879194633,
    "sentKBytesPerSec" : 1.7991033976510067
  },
  "POST Auth Request - 2" : {
    "transaction" : "POST Auth Request - 2",
    "sampleCount" : 3,
    "errorCount" : 1,
    "errorPct" : 33.333332,
    "meanResTime" : 1125.3333333333333,
    "medianResTime" : 1145.0,
    "minResTime" : 1077.0,
    "maxResTime" : 1154.0,
    "pct1ResTime" : 1154.0,
    "pct2ResTime" : 1154.0,
    "pct3ResTime" : 1154.0,
    "throughput" : 0.164257555847569,
    "receivedKBytesPerSec" : 0.17051345885348226,
    "sentKBytesPerSec" : 0.04411213658015769
  },
  "GET Contact by ID Request - 16" : {
    "transaction" : "GET Contact by ID Request - 16",
    "sampleCount" : 2,
    "errorCount" : 0,
    "errorPct" : 0.0,
    "meanResTime" : 262.5,
    "medianResTime" : 262.5,
    "minResTime" : 260.0,
    "maxResTime" : 265.0,
    "pct1ResTime" : 265.0,
    "pct2ResTime" : 265.0,
    "pct3ResTime" : 265.0,
    "throughput" : 0.3028926245645919,
    "receivedKBytesPerSec" : 0.3197528585491443,
    "sentKBytesPerSec" : 0.16239067469332122
  },
  "GET Contact by ID Request - 13" : {
    "transaction" : "GET Contact by ID Request - 13",
    "sampleCount" : 3,
    "errorCount" : 0,
    "errorPct" : 0.0,
    "meanResTime" : 282.0,
    "medianResTime" : 282.0,
    "minResTime" : 263.0,
    "maxResTime" : 301.0,
    "pct1ResTime" : 301.0,
    "pct2ResTime" : 301.0,
    "pct3ResTime" : 301.0,
    "throughput" : 0.17279115309296164,
    "receivedKBytesPerSec" : 0.182240669277733,
    "sentKBytesPerSec" : 0.09263900688284761
  },
  "POST Auth Request - 1" : {
    "transaction" : "POST Auth Request - 1",
    "sampleCount" : 2,
    "errorCount" : 0,
    "errorPct" : 0.0,
    "meanResTime" : 1096.0,
    "medianResTime" : 1096.0,
    "minResTime" : 1084.0,
    "maxResTime" : 1108.0,
    "pct1ResTime" : 1108.0,
    "pct2ResTime" : 1108.0,
    "pct3ResTime" : 1108.0,
    "throughput" : 0.26659557451346305,
    "receivedKBytesPerSec" : 0.32751682884564115,
    "sentKBytesPerSec" : 0.07159549120234604
  },
  "GET Contact by ID Request - 14" : {
    "transaction" : "GET Contact by ID Request - 14",
    "sampleCount" : 2,
    "errorCount" : 0,
    "errorPct" : 0.0,
    "meanResTime" : 270.0,
    "medianResTime" : 270.0,
    "minResTime" : 266.0,
    "maxResTime" : 274.0,
    "pct1ResTime" : 274.0,
    "pct2ResTime" : 274.0,
    "pct3ResTime" : 274.0,
    "throughput" : 0.3023888720895071,
    "receivedKBytesPerSec" : 0.31951636679770185,
    "sentKBytesPerSec" : 0.1621205964620502
  },
  "POST Auth Request - 7" : {
    "transaction" : "POST Auth Request - 7",
    "sampleCount" : 3,
    "errorCount" : 1,
    "errorPct" : 33.333332,
    "meanResTime" : 1103.6666666666667,
    "medianResTime" : 1109.0,
    "minResTime" : 1076.0,
    "maxResTime" : 1126.0,
    "pct1ResTime" : 1126.0,
    "pct2ResTime" : 1126.0,
    "pct3ResTime" : 1126.0,
    "throughput" : 0.1646271195741645,
    "receivedKBytesPerSec" : 0.170682739532459,
    "sentKBytesPerSec" : 0.04421138465126489
  },
  "POST Auth Request - 6" : {
    "transaction" : "POST Auth Request - 6",
    "sampleCount" : 3,
    "errorCount" : 1,
    "errorPct" : 33.333332,
    "meanResTime" : 1114.3333333333333,
    "medianResTime" : 1107.0,
    "minResTime" : 1072.0,
    "maxResTime" : 1164.0,
    "pct1ResTime" : 1164.0,
    "pct2ResTime" : 1164.0,
    "pct3ResTime" : 1164.0,
    "throughput" : 0.1646361540994402,
    "receivedKBytesPerSec" : 0.1706921063823949,
    "sentKBytesPerSec" : 0.044213810915377016
  },
  "POST Auth Request - 5" : {
    "transaction" : "POST Auth Request - 5",
    "sampleCount" : 3,
    "errorCount" : 2,
    "errorPct" : 66.666664,
    "meanResTime" : 1085.6666666666667,
    "medianResTime" : 1092.0,
    "minResTime" : 1071.0,
    "maxResTime" : 1094.0,
    "pct1ResTime" : 1094.0,
    "pct2ResTime" : 1094.0,
    "pct3ResTime" : 1094.0,
    "throughput" : 0.1647536932286232,
    "receivedKBytesPerSec" : 0.13943997473776704,
    "sentKBytesPerSec" : 0.04424537659948377
  },
  "POST Auth Request - 19" : {
    "transaction" : "POST Auth Request - 19",
    "sampleCount" : 3,
    "errorCount" : 1,
    "errorPct" : 33.333332,
    "meanResTime" : 1112.6666666666667,
    "medianResTime" : 1107.0,
    "minResTime" : 1106.0,
    "maxResTime" : 1125.0,
    "pct1ResTime" : 1125.0,
    "pct2ResTime" : 1125.0,
    "pct3ResTime" : 1125.0,
    "throughput" : 0.16465422612513722,
    "receivedKBytesPerSec" : 0.17113963021405051,
    "sentKBytesPerSec" : 0.044218664242590563
  },
  "POST Auth Request - 4" : {
    "transaction" : "POST Auth Request - 4",
    "sampleCount" : 3,
    "errorCount" : 1,
    "errorPct" : 33.333332,
    "meanResTime" : 1114.0,
    "medianResTime" : 1117.0,
    "minResTime" : 1087.0,
    "maxResTime" : 1138.0,
    "pct1ResTime" : 1138.0,
    "pct2ResTime" : 1138.0,
    "pct3ResTime" : 1138.0,
    "throughput" : 0.1643565441297321,
    "receivedKBytesPerSec" : 0.17061621719717307,
    "sentKBytesPerSec" : 0.04413872034734016
  },
  "POST Auth Request - 17" : {
    "transaction" : "POST Auth Request - 17",
    "sampleCount" : 3,
    "errorCount" : 1,
    "errorPct" : 33.333332,
    "meanResTime" : 1158.6666666666667,
    "medianResTime" : 1164.0,
    "minResTime" : 1140.0,
    "maxResTime" : 1172.0,
    "pct1ResTime" : 1172.0,
    "pct2ResTime" : 1172.0,
    "pct3ResTime" : 1172.0,
    "throughput" : 0.16407788230146578,
    "receivedKBytesPerSec" : 0.1705405853478451,
    "sentKBytesPerSec" : 0.04406388440713192
  },
  "POST Auth Request - 18" : {
    "transaction" : "POST Auth Request - 18",
    "sampleCount" : 3,
    "errorCount" : 1,
    "errorPct" : 33.333332,
    "meanResTime" : 1127.3333333333333,
    "medianResTime" : 1105.0,
    "minResTime" : 1104.0,
    "maxResTime" : 1173.0,
    "pct1ResTime" : 1173.0,
    "pct2ResTime" : 1173.0,
    "pct3ResTime" : 1173.0,
    "throughput" : 0.16468134160399628,
    "receivedKBytesPerSec" : 0.17116781371795578,
    "sentKBytesPerSec" : 0.04422594623154197
  },
  "POST Auth Request - 9" : {
    "transaction" : "POST Auth Request - 9",
    "sampleCount" : 3,
    "errorCount" : 1,
    "errorPct" : 33.333332,
    "meanResTime" : 1109.0,
    "medianResTime" : 1116.0,
    "minResTime" : 1091.0,
    "maxResTime" : 1120.0,
    "pct1ResTime" : 1120.0,
    "pct2ResTime" : 1120.0,
    "pct3ResTime" : 1120.0,
    "throughput" : 0.16457293323824676,
    "receivedKBytesPerSec" : 0.170626560014263,
    "sentKBytesPerSec" : 0.04419683265675572
  },
  "POST Auth Request - 15" : {
    "transaction" : "POST Auth Request - 15",
    "sampleCount" : 3,
    "errorCount" : 2,
    "errorPct" : 66.666664,
    "meanResTime" : 1123.3333333333333,
    "medianResTime" : 1096.0,
    "minResTime" : 1091.0,
    "maxResTime" : 1183.0,
    "pct1ResTime" : 1183.0,
    "pct2ResTime" : 1183.0,
    "pct3ResTime" : 1183.0,
    "throughput" : 0.164807998681536,
    "receivedKBytesPerSec" : 0.13948593638411252,
    "sentKBytesPerSec" : 0.04425996058342032
  },
  "POST Auth Request - 8" : {
    "transaction" : "POST Auth Request - 8",
    "sampleCount" : 3,
    "errorCount" : 1,
    "errorPct" : 33.333332,
    "meanResTime" : 1104.6666666666667,
    "medianResTime" : 1118.0,
    "minResTime" : 1070.0,
    "maxResTime" : 1126.0,
    "pct1ResTime" : 1126.0,
    "pct2ResTime" : 1126.0,
    "pct3ResTime" : 1126.0,
    "throughput" : 0.16449172058339728,
    "receivedKBytesPerSec" : 0.17054236004496107,
    "sentKBytesPerSec" : 0.04417502261761158
  },
  "POST Auth Request - 16" : {
    "transaction" : "POST Auth Request - 16",
    "sampleCount" : 3,
    "errorCount" : 1,
    "errorPct" : 33.333332,
    "meanResTime" : 1130.6666666666667,
    "medianResTime" : 1120.0,
    "minResTime" : 1073.0,
    "maxResTime" : 1199.0,
    "pct1ResTime" : 1199.0,
    "pct2ResTime" : 1199.0,
    "pct3ResTime" : 1199.0,
    "throughput" : 0.16452780519907864,
    "receivedKBytesPerSec" : 0.17100822981792255,
    "sentKBytesPerSec" : 0.04418471331029944
  },
  "POST Auth Request - 20" : {
    "transaction" : "POST Auth Request - 20",
    "sampleCount" : 3,
    "errorCount" : 1,
    "errorPct" : 33.333332,
    "meanResTime" : 1106.6666666666667,
    "medianResTime" : 1122.0,
    "minResTime" : 1063.0,
    "maxResTime" : 1135.0,
    "pct1ResTime" : 1135.0,
    "pct2ResTime" : 1135.0,
    "pct3ResTime" : 1135.0,
    "throughput" : 0.16452780519907864,
    "receivedKBytesPerSec" : 0.17100822981792255,
    "sentKBytesPerSec" : 0.04418471331029944
  },
  "GET Contact by ID Request - 19" : {
    "transaction" : "GET Contact by ID Request - 19",
    "sampleCount" : 2,
    "errorCount" : 0,
    "errorPct" : 0.0,
    "meanResTime" : 271.0,
    "medianResTime" : 271.0,
    "minResTime" : 266.0,
    "maxResTime" : 276.0,
    "pct1ResTime" : 276.0,
    "pct2ResTime" : 276.0,
    "pct3ResTime" : 276.0,
    "throughput" : 0.11506155793349443,
    "receivedKBytesPerSec" : 0.1210168924749741,
    "sentKBytesPerSec" : 0.061688276665516045
  },
  "GET Contact by ID Request - 17" : {
    "transaction" : "GET Contact by ID Request - 17",
    "sampleCount" : 2,
    "errorCount" : 0,
    "errorPct" : 0.0,
    "meanResTime" : 265.5,
    "medianResTime" : 265.5,
    "minResTime" : 263.0,
    "maxResTime" : 268.0,
    "pct1ResTime" : 268.0,
    "pct2ResTime" : 268.0,
    "pct3ResTime" : 268.0,
    "throughput" : 0.18186778212239701,
    "receivedKBytesPerSec" : 0.19216888696917342,
    "sentKBytesPerSec" : 0.09750528553241793
  },
  "GET Contact by ID Request - 18" : {
    "transaction" : "GET Contact by ID Request - 18",
    "sampleCount" : 2,
    "errorCount" : 0,
    "errorPct" : 0.0,
    "meanResTime" : 266.5,
    "medianResTime" : 266.5,
    "minResTime" : 265.0,
    "maxResTime" : 268.0,
    "pct1ResTime" : 268.0,
    "pct2ResTime" : 268.0,
    "pct3ResTime" : 268.0,
    "throughput" : 0.304228780042592,
    "receivedKBytesPerSec" : 0.3208662914511713,
    "sentKBytesPerSec" : 0.16310703148767874
  },
  "POST Add Contact Request - 2" : {
    "transaction" : "POST Add Contact Request - 2",
    "sampleCount" : 2,
    "errorCount" : 0,
    "errorPct" : 0.0,
    "meanResTime" : 326.5,
    "medianResTime" : 326.5,
    "minResTime" : 316.0,
    "maxResTime" : 337.0,
    "pct1ResTime" : 337.0,
    "pct2ResTime" : 337.0,
    "pct3ResTime" : 337.0,
    "throughput" : 0.2948547840188707,
    "receivedKBytesPerSec" : 0.3101158226448474,
    "sentKBytesPerSec" : 0.2510872770160696
  },
  "POST Add Contact Request - 1" : {
    "transaction" : "POST Add Contact Request - 1",
    "sampleCount" : 3,
    "errorCount" : 0,
    "errorPct" : 0.0,
    "meanResTime" : 302.3333333333333,
    "medianResTime" : 300.0,
    "minResTime" : 273.0,
    "maxResTime" : 334.0,
    "pct1ResTime" : 334.0,
    "pct2ResTime" : 334.0,
    "pct3ResTime" : 334.0,
    "throughput" : 0.17297047970479704,
    "receivedKBytesPerSec" : 0.18349960721286898,
    "sentKBytesPerSec" : 0.14898433896448338
  },
  "POST Auth Request - 13" : {
    "transaction" : "POST Auth Request - 13",
    "sampleCount" : 3,
    "errorCount" : 0,
    "errorPct" : 0.0,
    "meanResTime" : 1140.0,
    "medianResTime" : 1136.0,
    "minResTime" : 1113.0,
    "maxResTime" : 1171.0,
    "pct1ResTime" : 1171.0,
    "pct2ResTime" : 1171.0,
    "pct3ResTime" : 1171.0,
    "throughput" : 0.16458196181698484,
    "receivedKBytesPerSec" : 0.20283440997366686,
    "sentKBytesPerSec" : 0.0441992573238973
  },
  "POST Auth Request - 14" : {
    "transaction" : "POST Auth Request - 14",
    "sampleCount" : 3,
    "errorCount" : 1,
    "errorPct" : 33.333332,
    "meanResTime" : 1135.6666666666667,
    "medianResTime" : 1132.0,
    "minResTime" : 1085.0,
    "maxResTime" : 1190.0,
    "pct1ResTime" : 1190.0,
    "pct2ResTime" : 1190.0,
    "pct3ResTime" : 1190.0,
    "throughput" : 0.1644286105782406,
    "receivedKBytesPerSec" : 0.1709051281172924,
    "sentKBytesPerSec" : 0.0441580741298986
  },
  "POST Auth Request - 11" : {
    "transaction" : "POST Auth Request - 11",
    "sampleCount" : 3,
    "errorCount" : 3,
    "errorPct" : 100.0,
    "meanResTime" : 1082.0,
    "medianResTime" : 1083.0,
    "minResTime" : 1078.0,
    "maxResTime" : 1085.0,
    "pct1ResTime" : 1085.0,
    "pct2ResTime" : 1085.0,
    "pct3ResTime" : 1085.0,
    "throughput" : 0.16485328058028356,
    "receivedKBytesPerSec" : 0.1072726913671832,
    "sentKBytesPerSec" : 0.04427212124958787
  },
  "Add Contact" : {
    "transaction" : "Add Contact",
    "sampleCount" : 39,
    "errorCount" : 0,
    "errorPct" : 0.0,
    "meanResTime" : 293.07692307692304,
    "medianResTime" : 290.0,
    "minResTime" : 267.0,
    "maxResTime" : 348.0,
    "pct1ResTime" : 334.0,
    "pct2ResTime" : 337.0,
    "pct3ResTime" : 348.0,
    "throughput" : 2.1331291363561777,
    "receivedKBytesPerSec" : 2.2554999008641907,
    "sentKBytesPerSec" : 1.8249321432478258
  },
  "POST Auth Request - 12" : {
    "transaction" : "POST Auth Request - 12",
    "sampleCount" : 3,
    "errorCount" : 0,
    "errorPct" : 0.0,
    "meanResTime" : 1136.3333333333333,
    "medianResTime" : 1138.0,
    "minResTime" : 1133.0,
    "maxResTime" : 1138.0,
    "pct1ResTime" : 1138.0,
    "pct2ResTime" : 1138.0,
    "pct3ResTime" : 1138.0,
    "throughput" : 0.16434754026514736,
    "receivedKBytesPerSec" : 0.2025455037252109,
    "sentKBytesPerSec" : 0.04413630231730031
  },
  "POST Auth Request - 10" : {
    "transaction" : "POST Auth Request - 10",
    "sampleCount" : 3,
    "errorCount" : 0,
    "errorPct" : 0.0,
    "meanResTime" : 1109.6666666666667,
    "medianResTime" : 1114.0,
    "minResTime" : 1100.0,
    "maxResTime" : 1115.0,
    "pct1ResTime" : 1115.0,
    "pct2ResTime" : 1115.0,
    "pct3ResTime" : 1115.0,
    "throughput" : 0.1645909913864048,
    "receivedKBytesPerSec" : 0.20241691583913973,
    "sentKBytesPerSec" : 0.044201682257091125
  },
  "Total" : {
    "transaction" : "Total",
    "sampleCount" : 292,
    "errorCount" : 43,
    "errorPct" : 14.7260275,
    "meanResTime" : 476.4280821917812,
    "medianResTime" : 288.5,
    "minResTime" : 65.0,
    "maxResTime" : 1199.0,
    "pct1ResTime" : 1115.7,
    "pct2ResTime" : 1138.0,
    "pct3ResTime" : 1183.49,
    "throughput" : 13.79049778029659,
    "receivedKBytesPerSec" : 56.73549555173798,
    "sentKBytesPerSec" : 7.538357773684708
  },
  "POST Add Contact Request - 9" : {
    "transaction" : "POST Add Contact Request - 9",
    "sampleCount" : 2,
    "errorCount" : 0,
    "errorPct" : 0.0,
    "meanResTime" : 327.5,
    "medianResTime" : 327.5,
    "minResTime" : 307.0,
    "maxResTime" : 348.0,
    "pct1ResTime" : 348.0,
    "pct2ResTime" : 348.0,
    "pct3ResTime" : 348.0,
    "throughput" : 0.1812086617740328,
    "receivedKBytesPerSec" : 0.1916493952160913,
    "sentKBytesPerSec" : 0.15501834737700462
  },
  "POST Add Contact Request - 8" : {
    "transaction" : "POST Add Contact Request - 8",
    "sampleCount" : 2,
    "errorCount" : 0,
    "errorPct" : 0.0,
    "meanResTime" : 297.0,
    "medianResTime" : 297.0,
    "minResTime" : 290.0,
    "maxResTime" : 304.0,
    "pct1ResTime" : 304.0,
    "pct2ResTime" : 304.0,
    "pct3ResTime" : 304.0,
    "throughput" : 0.29824038174768863,
    "receivedKBytesPerSec" : 0.3177541567253206,
    "sentKBytesPerSec" : 0.25688282881002084
  },
  "POST Add Contact Request - 7" : {
    "transaction" : "POST Add Contact Request - 7",
    "sampleCount" : 2,
    "errorCount" : 0,
    "errorPct" : 0.0,
    "meanResTime" : 293.0,
    "medianResTime" : 293.0,
    "minResTime" : 281.0,
    "maxResTime" : 305.0,
    "pct1ResTime" : 305.0,
    "pct2ResTime" : 305.0,
    "pct3ResTime" : 305.0,
    "throughput" : 0.2981959147159684,
    "receivedKBytesPerSec" : 0.31537712464589235,
    "sentKBytesPerSec" : 0.25451487252124644
  },
  "POST Add Contact Request - 6" : {
    "transaction" : "POST Add Contact Request - 6",
    "sampleCount" : 2,
    "errorCount" : 0,
    "errorPct" : 0.0,
    "meanResTime" : 291.5,
    "medianResTime" : 291.5,
    "minResTime" : 290.0,
    "maxResTime" : 293.0,
    "pct1ResTime" : 293.0,
    "pct2ResTime" : 293.0,
    "pct3ResTime" : 293.0,
    "throughput" : 0.1152671315774307,
    "receivedKBytesPerSec" : 0.12168336839375253,
    "sentKBytesPerSec" : 0.09860742896663018
  },
  "POST Add Contact Request - 20" : {
    "transaction" : "POST Add Contact Request - 20",
    "sampleCount" : 2,
    "errorCount" : 0,
    "errorPct" : 0.0,
    "meanResTime" : 276.0,
    "medianResTime" : 276.0,
    "minResTime" : 271.0,
    "maxResTime" : 281.0,
    "pct1ResTime" : 281.0,
    "pct2ResTime" : 281.0,
    "pct3ResTime" : 281.0,
    "throughput" : 0.3006162633398467,
    "receivedKBytesPerSec" : 0.3188176386592515,
    "sentKBytesPerSec" : 0.2574613895986773
  },
  "POST Add Contact Request - 5" : {
    "transaction" : "POST Add Contact Request - 5",
    "sampleCount" : 1,
    "errorCount" : 0,
    "errorPct" : 0.0,
    "meanResTime" : 277.0,
    "medianResTime" : 277.0,
    "minResTime" : 277.0,
    "maxResTime" : 277.0,
    "pct1ResTime" : 277.0,
    "pct2ResTime" : 277.0,
    "pct3ResTime" : 277.0,
    "throughput" : 3.6101083032490977,
    "receivedKBytesPerSec" : 3.8181125902527073,
    "sentKBytesPerSec" : 3.102436823104693
  },
  "POST Add Contact Request - 4" : {
    "transaction" : "POST Add Contact Request - 4",
    "sampleCount" : 2,
    "errorCount" : 0,
    "errorPct" : 0.0,
    "meanResTime" : 294.5,
    "medianResTime" : 294.5,
    "minResTime" : 290.0,
    "maxResTime" : 299.0,
    "pct1ResTime" : 299.0,
    "pct2ResTime" : 299.0,
    "pct3ResTime" : 299.0,
    "throughput" : 0.11477761836441894,
    "receivedKBytesPerSec" : 0.12071825681492108,
    "sentKBytesPerSec" : 0.0977403156384505
  },
  "POST Add Contact Request - 3" : {
    "transaction" : "POST Add Contact Request - 3",
    "sampleCount" : 1,
    "errorCount" : 0,
    "errorPct" : 0.0,
    "meanResTime" : 272.0,
    "medianResTime" : 272.0,
    "minResTime" : 272.0,
    "maxResTime" : 272.0,
    "pct1ResTime" : 272.0,
    "pct2ResTime" : 272.0,
    "pct3ResTime" : 272.0,
    "throughput" : 3.676470588235294,
    "receivedKBytesPerSec" : 3.859576056985294,
    "sentKBytesPerSec" : 3.1307444852941173
  }
}