{
  "Delete Contact" : {
    "transaction" : "Delete Contact",
    "sampleCount" : 5,
    "errorCount" : 0,
    "errorPct" : 0.0,
    "meanResTime" : 291.2,
    "medianResTime" : 279.0,
    "minResTime" : 269.0,
    "maxResTime" : 340.0,
    "pct1ResTime" : 340.0,
    "pct2ResTime" : 340.0,
    "pct3ResTime" : 340.0,
    "throughput" : 3.3112582781456954,
    "receivedKBytesPerSec" : 2.454987582781457,
    "sentKBytesPerSec" : 1.9854615066225165
  },
  "PUT Update Contact Request - 4" : {
    "transaction" : "PUT Update Contact Request - 4",
    "sampleCount" : 1,
    "errorCount" : 0,
    "errorPct" : 0.0,
    "meanResTime" : 270.0,
    "medianResTime" : 270.0,
    "minResTime" : 270.0,
    "maxResTime" : 270.0,
    "pct1ResTime" : 270.0,
    "pct2ResTime" : 270.0,
    "pct3ResTime" : 270.0,
    "throughput" : 3.7037037037037037,
    "receivedKBytesPerSec" : 3.960503472222222,
    "sentKBytesPerSec" : 3.490306712962963
  },
  "PUT Update Contact Request - 5" : {
    "transaction" : "PUT Update Contact Request - 5",
    "sampleCount" : 1,
    "errorCount" : 0,
    "errorPct" : 0.0,
    "meanResTime" : 275.0,
    "medianResTime" : 275.0,
    "minResTime" : 275.0,
    "maxResTime" : 275.0,
    "pct1ResTime" : 275.0,
    "pct2ResTime" : 275.0,
    "pct3ResTime" : 275.0,
    "throughput" : 3.6363636363636362,
    "receivedKBytesPerSec" : 3.888494318181818,
    "sentKBytesPerSec" : 3.426846590909091
  },
  "POST Auth Request" : {
    "transaction" : "POST Auth Request",
    "sampleCount" : 4,
    "errorCount" : 0,
    "errorPct" : 0.0,
    "meanResTime" : 1091.5,
    "medianResTime" : 1093.0,
    "minResTime" : 1081.0,
    "maxResTime" : 1099.0,
    "pct1ResTime" : 1099.0,
    "pct2ResTime" : 1099.0,
    "pct3ResTime" : 1099.0,
    "throughput" : 2.1834061135371177,
    "receivedKBytesPerSec" : 2.6908774563318776,
    "sentKBytesPerSec" : 0.5863639465065502
  },
  "PUT Update Contact Request - 2" : {
    "transaction" : "PUT Update Contact Request - 2",
    "sampleCount" : 1,
    "errorCount" : 0,
    "errorPct" : 0.0,
    "meanResTime" : 410.0,
    "medianResTime" : 410.0,
    "minResTime" : 410.0,
    "maxResTime" : 410.0,
    "pct1ResTime" : 410.0,
    "pct2ResTime" : 410.0,
    "pct3ResTime" : 410.0,
    "throughput" : 2.4390243902439024,
    "receivedKBytesPerSec" : 2.598608993902439,
    "sentKBytesPerSec" : 2.2984946646341466
  },
  "PUT Update Contact Request - 3" : {
    "transaction" : "PUT Update Contact Request - 3",
    "sampleCount" : 1,
    "errorCount" : 0,
    "errorPct" : 0.0,
    "meanResTime" : 285.0,
    "medianResTime" : 285.0,
    "minResTime" : 285.0,
    "maxResTime" : 285.0,
    "pct1ResTime" : 285.0,
    "pct2ResTime" : 285.0,
    "pct3ResTime" : 285.0,
    "throughput" : 3.5087719298245617,
    "receivedKBytesPerSec" : 3.752055921052632,
    "sentKBytesPerSec" : 3.3066063596491233
  },
  "GET Contact by List and ID - 2" : {
    "transaction" : "GET Contact by List and ID - 2",
    "sampleCount" : 1,
    "errorCount" : 0,
    "errorPct" : 0.0,
    "meanResTime" : 784.0,
    "medianResTime" : 784.0,
    "minResTime" : 784.0,
    "maxResTime" : 784.0,
    "pct1ResTime" : 784.0,
    "pct2ResTime" : 784.0,
    "pct3ResTime" : 784.0,
    "throughput" : 1.2755102040816326,
    "receivedKBytesPerSec" : 26.72343351403061,
    "sentKBytesPerSec" : 1.3365453603316326
  },
  "GET Contact by ID Request - 3" : {
    "transaction" : "GET Contact by ID Request - 3",
    "sampleCount" : 1,
    "errorCount" : 0,
    "errorPct" : 0.0,
    "meanResTime" : 482.0,
    "medianResTime" : 482.0,
    "minResTime" : 482.0,
    "maxResTime" : 482.0,
    "pct1ResTime" : 482.0,
    "pct2ResTime" : 482.0,
    "pct3ResTime" : 482.0,
    "throughput" : 2.074688796680498,
    "receivedKBytesPerSec" : 2.175991960580913,
    "sentKBytesPerSec" : 1.112308739626556
  },
  "GET Contact by ID Request - 2" : {
    "transaction" : "GET Contact by ID Request - 2",
    "sampleCount" : 1,
    "errorCount" : 0,
    "errorPct" : 0.0,
    "meanResTime" : 263.0,
    "medianResTime" : 263.0,
    "minResTime" : 263.0,
    "maxResTime" : 263.0,
    "pct1ResTime" : 263.0,
    "pct2ResTime" : 263.0,
    "pct3ResTime" : 263.0,
    "throughput" : 3.802281368821293,
    "receivedKBytesPerSec" : 3.9879396387832697,
    "sentKBytesPerSec" : 2.0385278041825092
  },
  "GET Contact by List and ID - 3" : {
    "transaction" : "GET Contact by List and ID - 3",
    "sampleCount" : 1,
    "errorCount" : 0,
    "errorPct" : 0.0,
    "meanResTime" : 1008.0,
    "medianResTime" : 1008.0,
    "minResTime" : 1008.0,
    "maxResTime" : 1008.0,
    "pct1ResTime" : 1008.0,
    "pct2ResTime" : 1008.0,
    "pct3ResTime" : 1008.0,
    "throughput" : 0.992063492063492,
    "receivedKBytesPerSec" : 21.10653831845238,
    "sentKBytesPerSec" : 1.0395352802579365
  },
  "GET Contact by ID Request - 5" : {
    "transaction" : "GET Contact by ID Request - 5",
    "sampleCount" : 1,
    "errorCount" : 0,
    "errorPct" : 0.0,
    "meanResTime" : 285.0,
    "medianResTime" : 285.0,
    "minResTime" : 285.0,
    "maxResTime" : 285.0,
    "pct1ResTime" : 285.0,
    "pct2ResTime" : 285.0,
    "pct3ResTime" : 285.0,
    "throughput" : 3.5087719298245617,
    "receivedKBytesPerSec" : 3.7006578947368425,
    "sentKBytesPerSec" : 1.881167763157895
  },
  "GET Contact by List and ID - 1" : {
    "transaction" : "GET Contact by List and ID - 1",
    "sampleCount" : 1,
    "errorCount" : 0,
    "errorPct" : 0.0,
    "meanResTime" : 536.0,
    "medianResTime" : 536.0,
    "minResTime" : 536.0,
    "maxResTime" : 536.0,
    "pct1ResTime" : 536.0,
    "pct2ResTime" : 536.0,
    "pct3ResTime" : 536.0,
    "throughput" : 1.8656716417910448,
    "receivedKBytesPerSec" : 38.51591651119403,
    "sentKBytesPerSec" : 1.9549469449626864
  },
  "GET Contact by ID Request - 4" : {
    "transaction" : "GET Contact by ID Request - 4",
    "sampleCount" : 1,
    "errorCount" : 0,
    "errorPct" : 0.0,
    "meanResTime" : 277.0,
    "medianResTime" : 277.0,
    "minResTime" : 277.0,
    "maxResTime" : 277.0,
    "pct1ResTime" : 277.0,
    "pct2ResTime" : 277.0,
    "pct3ResTime" : 277.0,
    "throughput" : 3.6101083032490977,
    "receivedKBytesPerSec" : 3.8145870938628157,
    "sentKBytesPerSec" : 1.9354975180505414
  },
  "GET Contact by ID Request - 1" : {
    "transaction" : "GET Contact by ID Request - 1",
    "sampleCount" : 1,
    "errorCount" : 0,
    "errorPct" : 0.0,
    "meanResTime" : 260.0,
    "medianResTime" : 260.0,
    "minResTime" : 260.0,
    "maxResTime" : 260.0,
    "pct1ResTime" : 260.0,
    "pct2ResTime" : 260.0,
    "pct3ResTime" : 260.0,
    "throughput" : 3.8461538461538463,
    "receivedKBytesPerSec" : 4.071514423076923,
    "sentKBytesPerSec" : 2.0620492788461537
  },
  "GET Contact by List and ID - 4" : {
    "transaction" : "GET Contact by List and ID - 4",
    "sampleCount" : 1,
    "errorCount" : 0,
    "errorPct" : 0.0,
    "meanResTime" : 801.0,
    "medianResTime" : 801.0,
    "minResTime" : 801.0,
    "maxResTime" : 801.0,
    "pct1ResTime" : 801.0,
    "pct2ResTime" : 801.0,
    "pct3ResTime" : 801.0,
    "throughput" : 1.2484394506866416,
    "receivedKBytesPerSec" : 26.976777075530585,
    "sentKBytesPerSec" : 1.3081792290886392
  },
  "GET Contact by List and ID - 5" : {
    "transaction" : "GET Contact by List and ID - 5",
    "sampleCount" : 1,
    "errorCount" : 0,
    "errorPct" : 0.0,
    "meanResTime" : 814.0,
    "medianResTime" : 814.0,
    "minResTime" : 814.0,
    "maxResTime" : 814.0,
    "pct1ResTime" : 814.0,
    "pct2ResTime" : 814.0,
    "pct3ResTime" : 814.0,
    "throughput" : 1.2285012285012284,
    "receivedKBytesPerSec" : 26.541145193488944,
    "sentKBytesPerSec" : 1.2872869318181819
  },
  "PUT Update Contact Request - 1" : {
    "transaction" : "PUT Update Contact Request - 1",
    "sampleCount" : 1,
    "errorCount" : 0,
    "errorPct" : 0.0,
    "meanResTime" : 268.0,
    "medianResTime" : 268.0,
    "minResTime" : 268.0,
    "maxResTime" : 268.0,
    "pct1ResTime" : 268.0,
    "pct2ResTime" : 268.0,
    "pct3ResTime" : 268.0,
    "throughput" : 3.7313432835820897,
    "receivedKBytesPerSec" : 3.975483908582089,
    "sentKBytesPerSec" : 3.516353777985074
  },
  "POST Add Contact Request - 2" : {
    "transaction" : "POST Add Contact Request - 2",
    "sampleCount" : 1,
    "errorCount" : 0,
    "errorPct" : 0.0,
    "meanResTime" : 269.0,
    "medianResTime" : 269.0,
    "minResTime" : 269.0,
    "maxResTime" : 269.0,
    "pct1ResTime" : 269.0,
    "pct2ResTime" : 269.0,
    "pct3ResTime" : 269.0,
    "throughput" : 3.717472118959108,
    "receivedKBytesPerSec" : 3.9171410315985127,
    "sentKBytesPerSec" : 3.165659851301115
  },
  "DEL Delete Contact Request - 1" : {
    "transaction" : "DEL Delete Contact Request - 1",
    "sampleCount" : 1,
    "errorCount" : 0,
    "errorPct" : 0.0,
    "meanResTime" : 340.0,
    "medianResTime" : 340.0,
    "minResTime" : 340.0,
    "maxResTime" : 340.0,
    "pct1ResTime" : 340.0,
    "pct2ResTime" : 340.0,
    "pct3ResTime" : 340.0,
    "throughput" : 2.941176470588235,
    "receivedKBytesPerSec" : 2.1714154411764706,
    "sentKBytesPerSec" : 1.7635569852941175
  },
  "PATCH Update Contact Request - 4" : {
    "transaction" : "PATCH Update Contact Request - 4",
    "sampleCount" : 1,
    "errorCount" : 0,
    "errorPct" : 0.0,
    "meanResTime" : 307.0,
    "medianResTime" : 307.0,
    "minResTime" : 307.0,
    "maxResTime" : 307.0,
    "pct1ResTime" : 307.0,
    "pct2ResTime" : 307.0,
    "pct3ResTime" : 307.0,
    "throughput" : 3.257328990228013,
    "receivedKBytesPerSec" : 3.4768169788273617,
    "sentKBytesPerSec" : 2.0771834283387625
  },
  "POST Add Contact Request - 1" : {
    "transaction" : "POST Add Contact Request - 1",
    "sampleCount" : 1,
    "errorCount" : 0,
    "errorPct" : 0.0,
    "meanResTime" : 270.0,
    "medianResTime" : 270.0,
    "minResTime" : 270.0,
    "maxResTime" : 270.0,
    "pct1ResTime" : 270.0,
    "pct2ResTime" : 270.0,
    "pct3ResTime" : 270.0,
    "throughput" : 3.7037037037037037,
    "receivedKBytesPerSec" : 3.938802083333333,
    "sentKBytesPerSec" : 3.1901041666666665
  },
  "PATCH Update Contact Request - 3" : {
    "transaction" : "PATCH Update Contact Request - 3",
    "sampleCount" : 1,
    "errorCount" : 0,
    "errorPct" : 0.0,
    "meanResTime" : 295.0,
    "medianResTime" : 295.0,
    "minResTime" : 295.0,
    "maxResTime" : 295.0,
    "pct1ResTime" : 295.0,
    "pct2ResTime" : 295.0,
    "pct3ResTime" : 295.0,
    "throughput" : 3.389830508474576,
    "receivedKBytesPerSec" : 3.6182468220338984,
    "sentKBytesPerSec" : 2.161679025423729
  },
  "DEL Delete Contact Request - 3" : {
    "transaction" : "DEL Delete Contact Request - 3",
    "sampleCount" : 1,
    "errorCount" : 0,
    "errorPct" : 0.0,
    "meanResTime" : 269.0,
    "medianResTime" : 269.0,
    "minResTime" : 269.0,
    "maxResTime" : 269.0,
    "pct1ResTime" : 269.0,
    "pct2ResTime" : 269.0,
    "pct3ResTime" : 269.0,
    "throughput" : 3.717472118959108,
    "receivedKBytesPerSec" : 2.7590613382899627,
    "sentKBytesPerSec" : 2.2290311338289963
  },
  "DEL Delete Contact Request - 2" : {
    "transaction" : "DEL Delete Contact Request - 2",
    "sampleCount" : 1,
    "errorCount" : 0,
    "errorPct" : 0.0,
    "meanResTime" : 272.0,
    "medianResTime" : 272.0,
    "minResTime" : 272.0,
    "maxResTime" : 272.0,
    "pct1ResTime" : 272.0,
    "pct2ResTime" : 272.0,
    "pct3ResTime" : 272.0,
    "throughput" : 3.676470588235294,
    "receivedKBytesPerSec" : 2.7286305147058822,
    "sentKBytesPerSec" : 2.2044462316176467
  },
  "PATCH Update Contact Request - 5" : {
    "transaction" : "PATCH Update Contact Request - 5",
    "sampleCount" : 1,
    "errorCount" : 0,
    "errorPct" : 0.0,
    "meanResTime" : 299.0,
    "medianResTime" : 299.0,
    "minResTime" : 299.0,
    "maxResTime" : 299.0,
    "pct1ResTime" : 299.0,
    "pct2ResTime" : 299.0,
    "pct3ResTime" : 299.0,
    "throughput" : 3.3444816053511706,
    "receivedKBytesPerSec" : 3.5698421822742477,
    "sentKBytesPerSec" : 2.1327602424749164
  },
  "GET List Contact Request - 4" : {
    "transaction" : "GET List Contact Request - 4",
    "sampleCount" : 1,
    "errorCount" : 0,
    "errorPct" : 0.0,
    "meanResTime" : 524.0,
    "medianResTime" : 524.0,
    "minResTime" : 524.0,
    "maxResTime" : 524.0,
    "pct1ResTime" : 524.0,
    "pct2ResTime" : 524.0,
    "pct3ResTime" : 524.0,
    "throughput" : 1.9083969465648853,
    "receivedKBytesPerSec" : 39.22091185591603,
    "sentKBytesPerSec" : 0.9765625
  },
  "GET List Contact Request - 5" : {
    "transaction" : "GET List Contact Request - 5",
    "sampleCount" : 1,
    "errorCount" : 0,
    "errorPct" : 0.0,
    "meanResTime" : 529.0,
    "medianResTime" : 529.0,
    "minResTime" : 529.0,
    "maxResTime" : 529.0,
    "pct1ResTime" : 529.0,
    "pct2ResTime" : 529.0,
    "pct3ResTime" : 529.0,
    "throughput" : 1.890359168241966,
    "receivedKBytesPerSec" : 38.846511696597354,
    "sentKBytesPerSec" : 0.9673322306238185
  },
  "GET List Contact Request - 2" : {
    "transaction" : "GET List Contact Request - 2",
    "sampleCount" : 1,
    "errorCount" : 0,
    "errorPct" : 0.0,
    "meanResTime" : 521.0,
    "medianResTime" : 521.0,
    "minResTime" : 521.0,
    "maxResTime" : 521.0,
    "pct1ResTime" : 521.0,
    "pct2ResTime" : 521.0,
    "pct3ResTime" : 521.0,
    "throughput" : 1.9193857965451055,
    "receivedKBytesPerSec" : 38.20027591170825,
    "sentKBytesPerSec" : 0.9821857005758157
  },
  "GET List Contact Request - 3" : {
    "transaction" : "GET List Contact Request - 3",
    "sampleCount" : 1,
    "errorCount" : 0,
    "errorPct" : 0.0,
    "meanResTime" : 526.0,
    "medianResTime" : 526.0,
    "minResTime" : 526.0,
    "maxResTime" : 526.0,
    "pct1ResTime" : 526.0,
    "pct2ResTime" : 526.0,
    "pct3ResTime" : 526.0,
    "throughput" : 1.9011406844106464,
    "receivedKBytesPerSec" : 38.45354087452471,
    "sentKBytesPerSec" : 0.9728493346007604
  },
  "GET List Contact Request - 1" : {
    "transaction" : "GET List Contact Request - 1",
    "sampleCount" : 1,
    "errorCount" : 0,
    "errorPct" : 0.0,
    "meanResTime" : 276.0,
    "medianResTime" : 276.0,
    "minResTime" : 276.0,
    "maxResTime" : 276.0,
    "pct1ResTime" : 276.0,
    "pct2ResTime" : 276.0,
    "pct3ResTime" : 276.0,
    "throughput" : 3.6231884057971016,
    "receivedKBytesPerSec" : 70.96354166666666,
    "sentKBytesPerSec" : 1.8540534420289854
  },
  "Add Contact" : {
    "transaction" : "Add Contact",
    "sampleCount" : 5,
    "errorCount" : 0,
    "errorPct" : 0.0,
    "meanResTime" : 269.8,
    "medianResTime" : 270.0,
    "minResTime" : 269.0,
    "maxResTime" : 271.0,
    "pct1ResTime" : 271.0,
    "pct2ResTime" : 271.0,
    "pct3ResTime" : 271.0,
    "throughput" : 4.205214465937763,
    "receivedKBytesPerSec" : 4.447507096299411,
    "sentKBytesPerSec" : 3.5974295626576955
  },
  "Total" : {
    "transaction" : "Total",
    "sampleCount" : 34,
    "errorCount" : 0,
    "errorPct" : 0.0,
    "meanResTime" : 413.9117647058823,
    "medianResTime" : 282.0,
    "minResTime" : 260.0,
    "maxResTime" : 1099.0,
    "pct1ResTime" : 1084.5,
    "pct2ResTime" : 1098.25,
    "pct3ResTime" : 1099.0,
    "throughput" : 9.004237288135593,
    "receivedKBytesPerSec" : 34.60822671146716,
    "sentKBytesPerSec" : 5.691011073225636
  },
  "PUT Update Contact" : {
    "transaction" : "PUT Update Contact",
    "sampleCount" : 5,
    "errorCount" : 0,
    "errorPct" : 0.0,
    "meanResTime" : 301.6,
    "medianResTime" : 275.0,
    "minResTime" : 268.0,
    "maxResTime" : 410.0,
    "pct1ResTime" : 410.0,
    "pct2ResTime" : 410.0,
    "pct3ResTime" : 410.0,
    "throughput" : 3.401360544217687,
    "receivedKBytesPerSec" : 3.6318824404761907,
    "sentKBytesPerSec" : 3.2053837159863945
  },
  "DEL Delete Contact Request - 5" : {
    "transaction" : "DEL Delete Contact Request - 5",
    "sampleCount" : 1,
    "errorCount" : 0,
    "errorPct" : 0.0,
    "meanResTime" : 279.0,
    "medianResTime" : 279.0,
    "minResTime" : 279.0,
    "maxResTime" : 279.0,
    "pct1ResTime" : 279.0,
    "pct2ResTime" : 279.0,
    "pct3ResTime" : 279.0,
    "throughput" : 3.5842293906810037,
    "receivedKBytesPerSec" : 2.660170250896057,
    "sentKBytesPerSec" : 2.1491375448028673
  },
  "POST Add Contact Request - 5" : {
    "transaction" : "POST Add Contact Request - 5",
    "sampleCount" : 1,
    "errorCount" : 0,
    "errorPct" : 0.0,
    "meanResTime" : 271.0,
    "medianResTime" : 271.0,
    "minResTime" : 271.0,
    "maxResTime" : 271.0,
    "pct1ResTime" : 271.0,
    "pct2ResTime" : 271.0,
    "pct3ResTime" : 271.0,
    "throughput" : 3.6900369003690034,
    "receivedKBytesPerSec" : 3.89543934501845,
    "sentKBytesPerSec" : 3.1495041512915125
  },
  "PATCH Update Contact" : {
    "transaction" : "PATCH Update Contact",
    "sampleCount" : 5,
    "errorCount" : 0,
    "errorPct" : 0.0,
    "meanResTime" : 290.2,
    "medianResTime" : 295.0,
    "minResTime" : 271.0,
    "maxResTime" : 307.0,
    "pct1ResTime" : 307.0,
    "pct2ResTime" : 307.0,
    "pct3ResTime" : 307.0,
    "throughput" : 3.331112591605596,
    "receivedKBytesPerSec" : 3.5529698950699538,
    "sentKBytesPerSec" : 2.124234885076616
  },
  "DEL Delete Contact Request - 4" : {
    "transaction" : "DEL Delete Contact Request - 4",
    "sampleCount" : 1,
    "errorCount" : 0,
    "errorPct" : 0.0,
    "meanResTime" : 296.0,
    "medianResTime" : 296.0,
    "minResTime" : 296.0,
    "maxResTime" : 296.0,
    "pct1ResTime" : 296.0,
    "pct2ResTime" : 296.0,
    "pct3ResTime" : 296.0,
    "throughput" : 3.3783783783783785,
    "receivedKBytesPerSec" : 2.5073902027027026,
    "sentKBytesPerSec" : 2.0257073479729732
  },
  "POST Add Contact Request - 4" : {
    "transaction" : "POST Add Contact Request - 4",
    "sampleCount" : 1,
    "errorCount" : 0,
    "errorPct" : 0.0,
    "meanResTime" : 270.0,
    "medianResTime" : 270.0,
    "minResTime" : 270.0,
    "maxResTime" : 270.0,
    "pct1ResTime" : 270.0,
    "pct2ResTime" : 270.0,
    "pct3ResTime" : 270.0,
    "throughput" : 3.7037037037037037,
    "receivedKBytesPerSec" : 3.9315682870370368,
    "sentKBytesPerSec" : 3.1828703703703702
  },
  "PATCH Update Contact Request - 2" : {
    "transaction" : "PATCH Update Contact Request - 2",
    "sampleCount" : 1,
    "errorCount" : 0,
    "errorPct" : 0.0,
    "meanResTime" : 279.0,
    "medianResTime" : 279.0,
    "minResTime" : 279.0,
    "maxResTime" : 279.0,
    "pct1ResTime" : 279.0,
    "pct2ResTime" : 279.0,
    "pct3ResTime" : 279.0,
    "throughput" : 3.5842293906810037,
    "receivedKBytesPerSec" : 3.8257448476702507,
    "sentKBytesPerSec" : 2.285646281362007
  },
  "POST Add Contact Request - 3" : {
    "transaction" : "POST Add Contact Request - 3",
    "sampleCount" : 1,
    "errorCount" : 0,
    "errorPct" : 0.0,
    "meanResTime" : 269.0,
    "medianResTime" : 269.0,
    "minResTime" : 269.0,
    "maxResTime" : 269.0,
    "pct1ResTime" : 269.0,
    "pct2ResTime" : 269.0,
    "pct3ResTime" : 269.0,
    "throughput" : 3.717472118959108,
    "receivedKBytesPerSec" : 3.9171410315985127,
    "sentKBytesPerSec" : 3.165659851301115
  },
  "PATCH Update Contact Request - 1" : {
    "transaction" : "PATCH Update Contact Request - 1",
    "sampleCount" : 1,
    "errorCount" : 0,
    "errorPct" : 0.0,
    "meanResTime" : 271.0,
    "medianResTime" : 271.0,
    "minResTime" : 271.0,
    "maxResTime" : 271.0,
    "pct1ResTime" : 271.0,
    "pct2ResTime" : 271.0,
    "pct3ResTime" : 271.0,
    "throughput" : 3.6900369003690034,
    "receivedKBytesPerSec" : 3.924267758302583,
    "sentKBytesPerSec" : 2.353119234317343
  }
}