﻿firstName;lastName;birthdate;email;phone;street1;street2;city;stateProvince;postalCode;country
Salsabila;Bahhas;"""2000-07-12""";salsabila@email.com;"""0828399372""";1 Main St.;Apartment Z;Surabaya;East Java;12345;Indonesia
Lala;Bahhas;"""2000-08-13""";lala@email.com;"""0828399372""";2 Main St.;Apartment Y;Surabaya;East Java;12345;Indonesia
Bila;Bahhas;"""2000-09-14""";bila@email.com;"""0828399372""";3 Main St.;Apartment X;Surabaya;East Java;12345;Indonesia
Mariella;Bahhas;"""2000-10-15""";mariella@email.com;"""0828399372""";4 Main St.;Apartment B;Surabaya;East Java;12345;Indonesia
Salsa;Bahhas;"""2000-11-16""";salsa@email.com;"""0828399372""";5 Main St.;Apartment C;Surabaya;East Java;12345;Indonesia
